reference,collection_name,dataset_title,normal_cell_count,total_cell_count,author_cell_type,embedding,first_author,journal,year,doi,collection_url,explorer_url,tissue,disease,collection_id,collection_version_id,dataset_id,dataset_version_id,is_preprint,revised_at,visibility,organism,filter_normal,metric,save_scores,save_cluster_summary,save_annotation,h5ad_url,tissue_ontology_term_id,assay_ontology_term_id,cell_type_ontology_term_id,disease_ontology_term_id,development_stage_ontology_term_id,sex_ontology_term_id,is_primary_data,donor_id_count,tissue_ontology_summary,assay_ontology_summary,cell_type_ontology_summary,disease_ontology_summary,sex_ontology_summary,development_stage_summary
unk,HVS: Human variation study,VLMC - neocortex: Human variation study (HVS),,637,,,Johansen,Science,2023.0,10.1126/science.adf2359,https://cellxgene.cziscience.com/collections/35928d1c-36fc-4f93-9a8d-0b921ab41745,https://cellxgene.cziscience.com/e/f9cfac8d-bff6-47a2-a1f6-503827d375f5.cxg/,neocortex,normal,35928d1c-36fc-4f93-9a8d-0b921ab41745,bfa09492-85f4-473e-bbae-cdf36c79fb21,f9cfac8d-bff6-47a2-a1f6-503827d375f5,900faaa3-adec-4fd9-81b0-1e90a2ab256f,False,,PUBLIC,Homo sapiens,True,euclidean,True,True,True,https://datasets.cellxgene.cziscience.com/900faaa3-adec-4fd9-81b0-1e90a2ab256f.h5ad,UBERON:0001950,,,PATO:0000461,,,,,,,,,,
unk,HVS: Human variation study,Astro - neocortex: Human variation study (HVS),,16319,,,Johansen,Science,2023.0,10.1126/science.adf2359,https://cellxgene.cziscience.com/collections/35928d1c-36fc-4f93-9a8d-0b921ab41745,https://cellxgene.cziscience.com/e/ea95cdd5-cf7e-4d5d-a0bd-032776d32ae5.cxg/,neocortex,normal,35928d1c-36fc-4f93-9a8d-0b921ab41745,bfa09492-85f4-473e-bbae-cdf36c79fb21,ea95cdd5-cf7e-4d5d-a0bd-032776d32ae5,ab88770a-7a74-4da5-a166-d68f02d644f2,False,,PUBLIC,Homo sapiens,True,euclidean,True,True,True,https://datasets.cellxgene.cziscience.com/ab88770a-7a74-4da5-a166-d68f02d644f2.h5ad,UBERON:0001950,,,PATO:0000461,,,,,,,,,,
unk,HVS: Human variation study,Oligo - neocortex: Human variation study (HVS),,57855,,,Johansen,Science,2023.0,10.1126/science.adf2359,https://cellxgene.cziscience.com/collections/35928d1c-36fc-4f93-9a8d-0b921ab41745,https://cellxgene.cziscience.com/e/e34f3f89-3a48-4173-a06a-9e9803f2e2b9.cxg/,neocortex,normal,35928d1c-36fc-4f93-9a8d-0b921ab41745,bfa09492-85f4-473e-bbae-cdf36c79fb21,e34f3f89-3a48-4173-a06a-9e9803f2e2b9,7b96819c-598c-47a1-9cea-f410fc0c37fa,False,,PUBLIC,Homo sapiens,True,euclidean,True,True,True,https://datasets.cellxgene.cziscience.com/7b96819c-598c-47a1-9cea-f410fc0c37fa.h5ad,UBERON:0001950,,,PATO:0000461,,,,,,,,,,
unk,HVS: Human variation study,Lamp5Lhx6 - neocortex: Human variation study (HVS),,4683,,,Johansen,Science,2023.0,10.1126/science.adf2359,https://cellxgene.cziscience.com/collections/35928d1c-36fc-4f93-9a8d-0b921ab41745,https://cellxgene.cziscience.com/e/e2a325e2-5633-4950-ae46-ebff70979e3b.cxg/,neocortex,normal,35928d1c-36fc-4f93-9a8d-0b921ab41745,bfa09492-85f4-473e-bbae-cdf36c79fb21,e2a325e2-5633-4950-ae46-ebff70979e3b,19cd530b-622c-4bd8-b738-dbf169412cb0,False,,PUBLIC,Homo sapiens,True,euclidean,True,True,True,https://datasets.cellxgene.cziscience.com/19cd530b-622c-4bd8-b738-dbf169412cb0.h5ad,UBERON:0001950,,,PATO:0000461,,,,,,,,,,
unk,HVS: Human variation study,Lamp5 - neocortex: Human variation study (HVS),,8093,,,Johansen,Science,2023.0,10.1126/science.adf2359,https://cellxgene.cziscience.com/collections/35928d1c-36fc-4f93-9a8d-0b921ab41745,https://cellxgene.cziscience.com/e/d5a2d011-3765-4dad-ac36-3fff087589fe.cxg/,neocortex,normal,35928d1c-36fc-4f93-9a8d-0b921ab41745,bfa09492-85f4-473e-bbae-cdf36c79fb21,d5a2d011-3765-4dad-ac36-3fff087589fe,bb3c4200-5c1b-4f8a-a846-e021919b7241,False,,PUBLIC,Homo sapiens,True,euclidean,True,True,True,https://datasets.cellxgene.cziscience.com/bb3c4200-5c1b-4f8a-a846-e021919b7241.h5ad,UBERON:0001950,,,PATO:0000461,,,,,,,,,,
unk,HVS: Human variation study,MicroPVM - neocortex: Human variation study (HVS),,3934,,,Johansen,Science,2023.0,10.1126/science.adf2359,https://cellxgene.cziscience.com/collections/35928d1c-36fc-4f93-9a8d-0b921ab41745,https://cellxgene.cziscience.com/e/b6e502d7-0d07-408e-a291-91b63af0a40a.cxg/,neocortex,normal,35928d1c-36fc-4f93-9a8d-0b921ab41745,bfa09492-85f4-473e-bbae-cdf36c79fb21,b6e502d7-0d07-408e-a291-91b63af0a40a,c5e9db26-7b51-4290-b721-dd540ac906b1,False,,PUBLIC,Homo sapiens,True,euclidean,True,True,True,https://datasets.cellxgene.cziscience.com/c5e9db26-7b51-4290-b721-dd540ac906b1.h5ad,UBERON:0001950,,,PATO:0000461,,,,,,,,,,
unk,HVS: Human variation study,L6b - neocortex: Human variation study (HVS),,8213,,,Johansen,Science,2023.0,10.1126/science.adf2359,https://cellxgene.cziscience.com/collections/35928d1c-36fc-4f93-9a8d-0b921ab41745,https://cellxgene.cziscience.com/e/a30db232-08a6-48f0-ab9f-ad6977b8a6b1.cxg/,neocortex,normal,35928d1c-36fc-4f93-9a8d-0b921ab41745,bfa09492-85f4-473e-bbae-cdf36c79fb21,a30db232-08a6-48f0-ab9f-ad6977b8a6b1,38374d1b-6549-4429-b59a-ff2706dacd96,False,,PUBLIC,Homo sapiens,True,euclidean,True,True,True,https://datasets.cellxgene.cziscience.com/38374d1b-6549-4429-b59a-ff2706dacd96.h5ad,UBERON:0001950,,,PATO:0000461,,,,,,,,,,
unk,HVS: Human variation study,L4IT - neocortex: Human variation study (HVS),,35171,,,Johansen,Science,2023.0,10.1126/science.adf2359,https://cellxgene.cziscience.com/collections/35928d1c-36fc-4f93-9a8d-0b921ab41745,https://cellxgene.cziscience.com/e/9ea52f85-a35e-4b5b-9207-e2f1de7dbbcd.cxg/,neocortex,normal,35928d1c-36fc-4f93-9a8d-0b921ab41745,bfa09492-85f4-473e-bbae-cdf36c79fb21,9ea52f85-a35e-4b5b-9207-e2f1de7dbbcd,c9143d44-4c95-4f06-8edc-e03d3491ab97,False,,PUBLIC,Homo sapiens,True,euclidean,True,True,True,https://datasets.cellxgene.cziscience.com/c9143d44-4c95-4f06-8edc-e03d3491ab97.h5ad,UBERON:0001950,,,PATO:0000461,,,,,,,,,,
unk,HVS: Human variation study,Vip - neocortex: Human variation study (HVS),,28718,,,Johansen,Science,2023.0,10.1126/science.adf2359,https://cellxgene.cziscience.com/collections/35928d1c-36fc-4f93-9a8d-0b921ab41745,https://cellxgene.cziscience.com/e/93091496-be48-4122-b945-9af9c22a7535.cxg/,neocortex,normal,35928d1c-36fc-4f93-9a8d-0b921ab41745,bfa09492-85f4-473e-bbae-cdf36c79fb21,93091496-be48-4122-b945-9af9c22a7535,5fff0955-173e-407d-b160-64f513ca6db6,False,,PUBLIC,Homo sapiens,True,euclidean,True,True,True,https://datasets.cellxgene.cziscience.com/5fff0955-173e-407d-b160-64f513ca6db6.h5ad,UBERON:0001950,,,PATO:0000461,,,,,,,,,,
unk,HVS: Human variation study,Pax6 - neocortex: Human variation study (HVS),,1465,,,Johansen,Science,2023.0,10.1126/science.adf2359,https://cellxgene.cziscience.com/collections/35928d1c-36fc-4f93-9a8d-0b921ab41745,https://cellxgene.cziscience.com/e/78f40dd6-ed22-470d-8547-6fb5746c25da.cxg/,neocortex,normal,35928d1c-36fc-4f93-9a8d-0b921ab41745,bfa09492-85f4-473e-bbae-cdf36c79fb21,78f40dd6-ed22-470d-8547-6fb5746c25da,7958eba0-1d79-42e3-8947-a198f98578f2,False,,PUBLIC,Homo sapiens,True,euclidean,True,True,True,https://datasets.cellxgene.cziscience.com/7958eba0-1d79-42e3-8947-a198f98578f2.h5ad,UBERON:0001950,,,PATO:0000461,,,,,,,,,,
unk,HVS: Human variation study,Chandelier - neocortex: Human variation study (HVS),,1875,,,Johansen,Science,2023.0,10.1126/science.adf2359,https://cellxgene.cziscience.com/collections/35928d1c-36fc-4f93-9a8d-0b921ab41745,https://cellxgene.cziscience.com/e/6929d6d1-6f81-44d7-bd35-5a580259af81.cxg/,neocortex,normal,35928d1c-36fc-4f93-9a8d-0b921ab41745,bfa09492-85f4-473e-bbae-cdf36c79fb21,6929d6d1-6f81-44d7-bd35-5a580259af81,e813d04b-7833-4b02-b14f-0247d6128516,False,,PUBLIC,Homo sapiens,True,euclidean,True,True,True,https://datasets.cellxgene.cziscience.com/e813d04b-7833-4b02-b14f-0247d6128516.h5ad,UBERON:0001950,,,PATO:0000461,,,,,,,,,,
unk,HVS: Human variation study,L5ET - neocortex: Human variation study (HVS),,563,,,Johansen,Science,2023.0,10.1126/science.adf2359,https://cellxgene.cziscience.com/collections/35928d1c-36fc-4f93-9a8d-0b921ab41745,https://cellxgene.cziscience.com/e/5e7fff82-b8eb-4220-bf65-c6feb6765ea1.cxg/,neocortex,normal,35928d1c-36fc-4f93-9a8d-0b921ab41745,bfa09492-85f4-473e-bbae-cdf36c79fb21,5e7fff82-b8eb-4220-bf65-c6feb6765ea1,42c9001a-3a29-4952-aaa0-b55e73851a5c,False,,PUBLIC,Homo sapiens,True,euclidean,True,True,True,https://datasets.cellxgene.cziscience.com/42c9001a-3a29-4952-aaa0-b55e73851a5c.h5ad,UBERON:0001950,,,PATO:0000461,,,,,,,,,,
unk,HVS: Human variation study,Pvalb - neocortex: Human variation study (HVS),,19711,,,Johansen,Science,2023.0,10.1126/science.adf2359,https://cellxgene.cziscience.com/collections/35928d1c-36fc-4f93-9a8d-0b921ab41745,https://cellxgene.cziscience.com/e/4e374783-0152-423e-bcb6-b87cc232f64d.cxg/,neocortex,normal,35928d1c-36fc-4f93-9a8d-0b921ab41745,bfa09492-85f4-473e-bbae-cdf36c79fb21,4e374783-0152-423e-bcb6-b87cc232f64d,4afcaa14-e1c1-4b2b-b5af-c5b8936c3ddd,False,,PUBLIC,Homo sapiens,True,euclidean,True,True,True,https://datasets.cellxgene.cziscience.com/4afcaa14-e1c1-4b2b-b5af-c5b8936c3ddd.h5ad,UBERON:0001950,,,PATO:0000461,,,,,,,,,,
unk,HVS: Human variation study,Endo - neocortex: Human variation study (HVS),,582,,,Johansen,Science,2023.0,10.1126/science.adf2359,https://cellxgene.cziscience.com/collections/35928d1c-36fc-4f93-9a8d-0b921ab41745,https://cellxgene.cziscience.com/e/4859642c-d155-437b-adf5-83ca6c1bef67.cxg/,neocortex,normal,35928d1c-36fc-4f93-9a8d-0b921ab41745,bfa09492-85f4-473e-bbae-cdf36c79fb21,4859642c-d155-437b-adf5-83ca6c1bef67,f8975a92-8ddb-4dde-adbe-977a4b3e4e96,False,,PUBLIC,Homo sapiens,True,euclidean,True,True,True,https://datasets.cellxgene.cziscience.com/f8975a92-8ddb-4dde-adbe-977a4b3e4e96.h5ad,UBERON:0001950,,,PATO:0000461,,,,,,,,,,
unk,HVS: Human variation study,Sncg - neocortex: Human variation study (HVS),,4112,,,Johansen,Science,2023.0,10.1126/science.adf2359,https://cellxgene.cziscience.com/collections/35928d1c-36fc-4f93-9a8d-0b921ab41745,https://cellxgene.cziscience.com/e/390b376d-8857-4b4b-991f-0d7326938172.cxg/,neocortex,normal,35928d1c-36fc-4f93-9a8d-0b921ab41745,bfa09492-85f4-473e-bbae-cdf36c79fb21,390b376d-8857-4b4b-991f-0d7326938172,8dfadc37-e19c-4d4b-80d8-cee48e732bcf,False,,PUBLIC,Homo sapiens,True,euclidean,True,True,True,https://datasets.cellxgene.cziscience.com/8dfadc37-e19c-4d4b-80d8-cee48e732bcf.h5ad,UBERON:0001950,,,PATO:0000461,,,,,,,,,,
unk,HVS: Human variation study,L5IT - neocortex: Human variation study (HVS),,31924,,,Johansen,Science,2023.0,10.1126/science.adf2359,https://cellxgene.cziscience.com/collections/35928d1c-36fc-4f93-9a8d-0b921ab41745,https://cellxgene.cziscience.com/e/34229bdc-a895-4394-8820-574e4028d8c6.cxg/,neocortex,normal,35928d1c-36fc-4f93-9a8d-0b921ab41745,bfa09492-85f4-473e-bbae-cdf36c79fb21,34229bdc-a895-4394-8820-574e4028d8c6,c3b47645-c927-4a0a-868f-eb7640ea3354,False,,PUBLIC,Homo sapiens,True,euclidean,True,True,True,https://datasets.cellxgene.cziscience.com/c3b47645-c927-4a0a-868f-eb7640ea3354.h5ad,UBERON:0001950,,,PATO:0000461,,,,,,,,,,
unk,HVS: Human variation study,OPC - neocortex: Human variation study (HVS),,11244,,,Johansen,Science,2023.0,10.1126/science.adf2359,https://cellxgene.cziscience.com/collections/35928d1c-36fc-4f93-9a8d-0b921ab41745,https://cellxgene.cziscience.com/e/31285bcd-9a28-48ce-8cc0-543af80261d3.cxg/,neocortex,normal,35928d1c-36fc-4f93-9a8d-0b921ab41745,bfa09492-85f4-473e-bbae-cdf36c79fb21,31285bcd-9a28-48ce-8cc0-543af80261d3,a9b5738d-997d-433f-8d86-12dbfc8f01fb,False,,PUBLIC,Homo sapiens,True,euclidean,True,True,True,https://datasets.cellxgene.cziscience.com/a9b5738d-997d-433f-8d86-12dbfc8f01fb.h5ad,UBERON:0001950,,,PATO:0000461,,,,,,,,,,
unk,HVS: Human variation study,Sst - neocortex: Human variation study (HVS),,28943,,,Johansen,Science,2023.0,10.1126/science.adf2359,https://cellxgene.cziscience.com/collections/35928d1c-36fc-4f93-9a8d-0b921ab41745,https://cellxgene.cziscience.com/e/3079e9b0-c6db-45c8-b998-a4555a73968e.cxg/,neocortex,normal,35928d1c-36fc-4f93-9a8d-0b921ab41745,bfa09492-85f4-473e-bbae-cdf36c79fb21,3079e9b0-c6db-45c8-b998-a4555a73968e,d1303087-592a-4c3d-aa3e-21de203927dc,False,,PUBLIC,Homo sapiens,True,euclidean,True,True,True,https://datasets.cellxgene.cziscience.com/d1303087-592a-4c3d-aa3e-21de203927dc.h5ad,UBERON:0001950,,,PATO:0000461,,,,,,,,,,
unk,HVS: Human variation study,L23IT - neocortex: Human variation study (HVS),,79631,,,Johansen,Science,2023.0,10.1126/science.adf2359,https://cellxgene.cziscience.com/collections/35928d1c-36fc-4f93-9a8d-0b921ab41745,https://cellxgene.cziscience.com/e/1fc48734-35ee-4372-885c-95fd2674c75a.cxg/,neocortex,normal,35928d1c-36fc-4f93-9a8d-0b921ab41745,bfa09492-85f4-473e-bbae-cdf36c79fb21,1fc48734-35ee-4372-885c-95fd2674c75a,57f3c92b-a07a-41da-b660-88eb9f93c4c9,False,,PUBLIC,Homo sapiens,True,euclidean,True,True,True,https://datasets.cellxgene.cziscience.com/57f3c92b-a07a-41da-b660-88eb9f93c4c9.h5ad,UBERON:0001950,,,PATO:0000461,,,,,,,,,,
unk,HVS: Human variation study,L6IT - neocortex: Human variation study (HVS),,16668,,,Johansen,Science,2023.0,10.1126/science.adf2359,https://cellxgene.cziscience.com/collections/35928d1c-36fc-4f93-9a8d-0b921ab41745,https://cellxgene.cziscience.com/e/1a974af7-8b4b-4abb-8aba-23e2979d9518.cxg/,neocortex,normal,35928d1c-36fc-4f93-9a8d-0b921ab41745,bfa09492-85f4-473e-bbae-cdf36c79fb21,1a974af7-8b4b-4abb-8aba-23e2979d9518,7be9f52d-7eef-4bdd-a0ba-c8f2d4986551,False,,PUBLIC,Homo sapiens,True,euclidean,True,True,True,https://datasets.cellxgene.cziscience.com/7be9f52d-7eef-4bdd-a0ba-c8f2d4986551.h5ad,UBERON:0001950,,,PATO:0000461,,,,,,,,,,
unk,HVS: Human variation study,L6CT - neocortex: Human variation study (HVS),,7156,,,Johansen,Science,2023.0,10.1126/science.adf2359,https://cellxgene.cziscience.com/collections/35928d1c-36fc-4f93-9a8d-0b921ab41745,https://cellxgene.cziscience.com/e/171b03c9-516b-499c-a434-fa4f70191988.cxg/,neocortex,normal,35928d1c-36fc-4f93-9a8d-0b921ab41745,bfa09492-85f4-473e-bbae-cdf36c79fb21,171b03c9-516b-499c-a434-fa4f70191988,77dc6994-2777-4fad-a445-4ff7d143a682,False,,PUBLIC,Homo sapiens,True,euclidean,True,True,True,https://datasets.cellxgene.cziscience.com/77dc6994-2777-4fad-a445-4ff7d143a682.h5ad,UBERON:0001950,,,PATO:0000461,,,,,,,,,,
unk,HVS: Human variation study,SstChodl - neocortex: Human variation study (HVS),,301,,,Johansen,Science,2023.0,10.1126/science.adf2359,https://cellxgene.cziscience.com/collections/35928d1c-36fc-4f93-9a8d-0b921ab41745,https://cellxgene.cziscience.com/e/149b2c3f-ee11-47a7-984b-923570280bd7.cxg/,neocortex,normal,35928d1c-36fc-4f93-9a8d-0b921ab41745,bfa09492-85f4-473e-bbae-cdf36c79fb21,149b2c3f-ee11-47a7-984b-923570280bd7,5e9da577-f665-44af-b9b4-fa0d5ad1964d,False,,PUBLIC,Homo sapiens,True,euclidean,True,True,True,https://datasets.cellxgene.cziscience.com/5e9da577-f665-44af-b9b4-fa0d5ad1964d.h5ad,UBERON:0001950,,,PATO:0000461,,,,,,,,,,
unk,HVS: Human variation study,L56NP - neocortex: Human variation study (HVS),,6133,,,Johansen,Science,2023.0,10.1126/science.adf2359,https://cellxgene.cziscience.com/collections/35928d1c-36fc-4f93-9a8d-0b921ab41745,https://cellxgene.cziscience.com/e/0de831e0-a525-4ec5-b717-df56f2de2bf0.cxg/,neocortex,normal,35928d1c-36fc-4f93-9a8d-0b921ab41745,bfa09492-85f4-473e-bbae-cdf36c79fb21,0de831e0-a525-4ec5-b717-df56f2de2bf0,9adebd17-bc24-47b6-acdb-0db488bc602d,False,,PUBLIC,Homo sapiens,True,euclidean,True,True,True,https://datasets.cellxgene.cziscience.com/9adebd17-bc24-47b6-acdb-0db488bc602d.h5ad,UBERON:0001950,,,PATO:0000461,,,,,,,,,,
unk,HVS: Human variation study,L6ITCar3 - neocortex: Human variation study (HVS),,5399,,,Johansen,Science,2023.0,10.1126/science.adf2359,https://cellxgene.cziscience.com/collections/35928d1c-36fc-4f93-9a8d-0b921ab41745,https://cellxgene.cziscience.com/e/0087cde2-967d-4f7c-8e6e-40e4c9ad1891.cxg/,neocortex,normal,35928d1c-36fc-4f93-9a8d-0b921ab41745,bfa09492-85f4-473e-bbae-cdf36c79fb21,0087cde2-967d-4f7c-8e6e-40e4c9ad1891,6201fd7d-f35b-4487-bace-99426881237b,False,,PUBLIC,Homo sapiens,True,euclidean,True,True,True,https://datasets.cellxgene.cziscience.com/6201fd7d-f35b-4487-bace-99426881237b.h5ad,UBERON:0001950,,,PATO:0000461,,,,,,,,,,
unk,"Early role for a Na+,K+-ATPase (ATP1A3) in brain development",Infant human neocortex cells,,51878,,,Smith,Proc. Natl. Acad. Sci. U.S.A.,2021.0,10.1073/pnas.2023333118,https://cellxgene.cziscience.com/collections/e02201d7-f49f-401f-baf0-1eb1406546c0,https://cellxgene.cziscience.com/e/82f6af6d-5313-439a-9936-5e844be49a70.cxg/,parietal lobe | prefrontal cortex | primary visual cortex | temporal lobe,normal,e02201d7-f49f-401f-baf0-1eb1406546c0,c8280cb1-208f-4eca-8238-bebc679f5709,82f6af6d-5313-439a-9936-5e844be49a70,182945c8-d6e7-4e49-b5f8-2c61d68bca14,False,,PUBLIC,Homo sapiens,True,euclidean,True,True,True,https://datasets.cellxgene.cziscience.com/182945c8-d6e7-4e49-b5f8-2c61d68bca14.h5ad,UBERON:0001872 | UBERON:0000451 | UBERON:0002436 | UBERON:0001871,,,PATO:0000461,,,,,,,,,,
unk,"Early role for a Na+,K+-ATPase (ATP1A3) in brain development",Midgestational human neocortex cells,,118647,,,Smith,Proc. Natl. Acad. Sci. U.S.A.,2021.0,10.1073/pnas.2023333118,https://cellxgene.cziscience.com/collections/e02201d7-f49f-401f-baf0-1eb1406546c0,https://cellxgene.cziscience.com/e/39ed7d98-676d-4b8d-9d0a-0f3b60914ead.cxg/,anterior cingulate cortex | caudal ganglionic eminence | hippocampal formation | medial ganglionic eminence | orbitofrontal cortex | parietal lobe | primary visual cortex,normal,e02201d7-f49f-401f-baf0-1eb1406546c0,c8280cb1-208f-4eca-8238-bebc679f5709,39ed7d98-676d-4b8d-9d0a-0f3b60914ead,91431488-6bc7-46b6-8d64-2c4a3ed8194d,False,,PUBLIC,Homo sapiens,True,euclidean,True,True,True,https://datasets.cellxgene.cziscience.com/91431488-6bc7-46b6-8d64-2c4a3ed8194d.h5ad,UBERON:0009835 | UBERON:0004026 | UBERON:0002421 | UBERON:0004024 | UBERON:0004167 | UBERON:0001872 | UBERON:0002436,,,PATO:0000461,,,,,,,,,,
unk,Deciphering glial contributions to CSF1R-related disorder via single-nuclear transcriptomic profiling,Microglia,,1621,,,Pan,acta neuropathol commun,2024.0,10.1186/s40478-024-01853-5,https://cellxgene.cziscience.com/collections/7c4552fd-8a6d-4da3-9854-2dfa8baca8bf,https://cellxgene.cziscience.com/e/fe2eecbc-977a-4aec-9196-f89c3281d11c.cxg/,prefrontal cortex | white matter of frontal lobe | white matter of occipital lobe | white matter of parietal lobe | white matter of temporal lobe,"Alzheimer disease | leukoencephalopathy, diffuse hereditary, with spheroids 1 | normal",7c4552fd-8a6d-4da3-9854-2dfa8baca8bf,b7be7f62-1c8a-421d-867c-3fddf34e6d34,fe2eecbc-977a-4aec-9196-f89c3281d11c,183c4a39-3a63-4d9f-9f34-45b7f5573a6d,False,,PUBLIC,Homo sapiens,True,euclidean,True,True,True,https://datasets.cellxgene.cziscience.com/183c4a39-3a63-4d9f-9f34-45b7f5573a6d.h5ad,UBERON:0000451 | UBERON:0016528 | UBERON:0016535 | UBERON:0016531 | UBERON:0016534,,,MONDO:0004975 | MONDO:0800027 | PATO:0000461,,,,,,,,,,
unk,Deciphering glial contributions to CSF1R-related disorder via single-nuclear transcriptomic profiling,OPCs,,3324,,,Pan,acta neuropathol commun,2024.0,10.1186/s40478-024-01853-5,https://cellxgene.cziscience.com/collections/7c4552fd-8a6d-4da3-9854-2dfa8baca8bf,https://cellxgene.cziscience.com/e/82346769-8733-485e-ab49-f14923d2b5bc.cxg/,prefrontal cortex | white matter of frontal lobe | white matter of occipital lobe | white matter of parietal lobe | white matter of temporal lobe,"Alzheimer disease | leukoencephalopathy, diffuse hereditary, with spheroids 1 | normal",7c4552fd-8a6d-4da3-9854-2dfa8baca8bf,b7be7f62-1c8a-421d-867c-3fddf34e6d34,82346769-8733-485e-ab49-f14923d2b5bc,9a6c52d0-4d3f-48cd-a7ba-73ae37c8c42d,False,,PUBLIC,Homo sapiens,True,euclidean,True,True,True,https://datasets.cellxgene.cziscience.com/9a6c52d0-4d3f-48cd-a7ba-73ae37c8c42d.h5ad,UBERON:0000451 | UBERON:0016528 | UBERON:0016535 | UBERON:0016531 | UBERON:0016534,,,MONDO:0004975 | MONDO:0800027 | PATO:0000461,,,,,,,,,,
unk,Deciphering glial contributions to CSF1R-related disorder via single-nuclear transcriptomic profiling,Astrocytes,,18890,,,Pan,acta neuropathol commun,2024.0,10.1186/s40478-024-01853-5,https://cellxgene.cziscience.com/collections/7c4552fd-8a6d-4da3-9854-2dfa8baca8bf,https://cellxgene.cziscience.com/e/38491c97-ce53-43d6-b34a-ef93176c9481.cxg/,prefrontal cortex | white matter of frontal lobe | white matter of occipital lobe | white matter of parietal lobe | white matter of temporal lobe,"Alzheimer disease | leukoencephalopathy, diffuse hereditary, with spheroids 1 | normal",7c4552fd-8a6d-4da3-9854-2dfa8baca8bf,b7be7f62-1c8a-421d-867c-3fddf34e6d34,38491c97-ce53-43d6-b34a-ef93176c9481,7778e9dd-6c23-4f03-ae96-67dd416a553e,False,,PUBLIC,Homo sapiens,True,euclidean,True,True,True,https://datasets.cellxgene.cziscience.com/7778e9dd-6c23-4f03-ae96-67dd416a553e.h5ad,UBERON:0000451 | UBERON:0016528 | UBERON:0016535 | UBERON:0016531 | UBERON:0016534,,,MONDO:0004975 | MONDO:0800027 | PATO:0000461,,,,,,,,,,
unk,Deciphering glial contributions to CSF1R-related disorder via single-nuclear transcriptomic profiling,Oligodendrocytes,,24342,,,Pan,acta neuropathol commun,2024.0,10.1186/s40478-024-01853-5,https://cellxgene.cziscience.com/collections/7c4552fd-8a6d-4da3-9854-2dfa8baca8bf,https://cellxgene.cziscience.com/e/15e0ec3e-a05f-4cd8-8624-96448f5a2b58.cxg/,prefrontal cortex | white matter of frontal lobe | white matter of occipital lobe | white matter of parietal lobe | white matter of temporal lobe,"Alzheimer disease | leukoencephalopathy, diffuse hereditary, with spheroids 1 | normal",7c4552fd-8a6d-4da3-9854-2dfa8baca8bf,b7be7f62-1c8a-421d-867c-3fddf34e6d34,15e0ec3e-a05f-4cd8-8624-96448f5a2b58,eb7f7869-eb13-4b2c-8448-40e54b02fd12,False,,PUBLIC,Homo sapiens,True,euclidean,True,True,True,https://datasets.cellxgene.cziscience.com/eb7f7869-eb13-4b2c-8448-40e54b02fd12.h5ad,UBERON:0000451 | UBERON:0016528 | UBERON:0016535 | UBERON:0016531 | UBERON:0016534,,,MONDO:0004975 | MONDO:0800027 | PATO:0000461,,,,,,,,,,
unk,Deciphering glial contributions to CSF1R-related disorder via single-nuclear transcriptomic profiling,Full Dataset,,61747,,,Pan,acta neuropathol commun,2024.0,10.1186/s40478-024-01853-5,https://cellxgene.cziscience.com/collections/7c4552fd-8a6d-4da3-9854-2dfa8baca8bf,https://cellxgene.cziscience.com/e/0a2d7e87-c3c0-4ed2-86df-ae18811fcc16.cxg/,prefrontal cortex | white matter of frontal lobe | white matter of occipital lobe | white matter of parietal lobe | white matter of temporal lobe,"Alzheimer disease | leukoencephalopathy, diffuse hereditary, with spheroids 1 | normal",7c4552fd-8a6d-4da3-9854-2dfa8baca8bf,b7be7f62-1c8a-421d-867c-3fddf34e6d34,0a2d7e87-c3c0-4ed2-86df-ae18811fcc16,f298459d-ac2a-405b-abb5-9421e5334d2d,False,,PUBLIC,Homo sapiens,True,euclidean,True,True,True,https://datasets.cellxgene.cziscience.com/f298459d-ac2a-405b-abb5-9421e5334d2d.h5ad,UBERON:0000451 | UBERON:0016528 | UBERON:0016535 | UBERON:0016531 | UBERON:0016534,,,MONDO:0004975 | MONDO:0800027 | PATO:0000461,,,,,,,,,,
unk,Single-soma transcriptomics of tangle-bearing neurons in Alzheimer’s disease,Single-soma transcriptomics of tangle-bearing neurons in Alzheimer’s disease - Inhibitory,,23197,,,Otero-Garcia,Neuron,2022.0,10.1016/j.neuron.2022.06.021,https://cellxgene.cziscience.com/collections/b953c942-f5d8-434f-9da7-e726ba7c1481,https://cellxgene.cziscience.com/e/9813a1d4-d107-459e-9b2e-7687be935f69.cxg/,prefrontal cortex,Alzheimer disease | normal,b953c942-f5d8-434f-9da7-e726ba7c1481,1916410f-d8e0-4486-9157-a74f64180cc0,9813a1d4-d107-459e-9b2e-7687be935f69,9b87c411-2e17-4de4-918b-e2c476ad48a7,False,,PUBLIC,Homo sapiens,True,euclidean,True,True,True,https://datasets.cellxgene.cziscience.com/9b87c411-2e17-4de4-918b-e2c476ad48a7.h5ad,UBERON:0000451,,,MONDO:0004975 | PATO:0000461,,,,,,,,,,
unk,Single-soma transcriptomics of tangle-bearing neurons in Alzheimer’s disease,Single-soma transcriptomics of tangle-bearing neurons in Alzheimer’s disease - Excitatory,,96129,,,Otero-Garcia,Neuron,2022.0,10.1016/j.neuron.2022.06.021,https://cellxgene.cziscience.com/collections/b953c942-f5d8-434f-9da7-e726ba7c1481,https://cellxgene.cziscience.com/e/85c60876-7f35-40c5-a256-7808d84c6ba5.cxg/,prefrontal cortex,Alzheimer disease | normal,b953c942-f5d8-434f-9da7-e726ba7c1481,1916410f-d8e0-4486-9157-a74f64180cc0,85c60876-7f35-40c5-a256-7808d84c6ba5,5015051f-abc4-4034-9374-eada74e37c99,False,,PUBLIC,Homo sapiens,True,euclidean,True,True,True,https://datasets.cellxgene.cziscience.com/5015051f-abc4-4034-9374-eada74e37c99.h5ad,UBERON:0000451,,,MONDO:0004975 | PATO:0000461,,,,,,,,,,
unk,"Evolution of cellular diversity in primary motor cortex of human, marmoset monkey, and mouse",Evolution of cellular diversity in primary motor cortex of human - inhibitory neurons,,10980,,,Bakken,Nature,2021.0,10.1038/s41586-021-03465-8,https://cellxgene.cziscience.com/collections/367d95c0-0eb0-4dae-8276-9407239421ee,https://cellxgene.cziscience.com/e/f7a068f1-0fdb-48e8-8029-db870ff11d9e.cxg/,primary motor cortex,normal,367d95c0-0eb0-4dae-8276-9407239421ee,49658628-e235-41b9-9b2a-e7e777a55d11,f7a068f1-0fdb-48e8-8029-db870ff11d9e,a4f4fd2c-56cd-467f-968f-1b929a79d97f,False,,PUBLIC,Homo sapiens,True,euclidean,True,True,True,https://datasets.cellxgene.cziscience.com/a4f4fd2c-56cd-467f-968f-1b929a79d97f.h5ad,UBERON:0001384,,,PATO:0000461,,,,,,,,,,
unk,"Evolution of cellular diversity in primary motor cortex of human, marmoset monkey, and mouse",Evolution of cellular diversity in primary motor cortex of human - excitory neurons,,7805,,,Bakken,Nature,2021.0,10.1038/s41586-021-03465-8,https://cellxgene.cziscience.com/collections/367d95c0-0eb0-4dae-8276-9407239421ee,https://cellxgene.cziscience.com/e/b6203114-e133-458a-aed5-eed1028378b4.cxg/,primary motor cortex,normal,367d95c0-0eb0-4dae-8276-9407239421ee,49658628-e235-41b9-9b2a-e7e777a55d11,b6203114-e133-458a-aed5-eed1028378b4,f0483022-8afa-4c59-a431-b613f30b212d,False,,PUBLIC,Homo sapiens,True,euclidean,True,True,True,https://datasets.cellxgene.cziscience.com/f0483022-8afa-4c59-a431-b613f30b212d.h5ad,UBERON:0001384,,,PATO:0000461,,,,,,,,,,
unk,"Evolution of cellular diversity in primary motor cortex of human, marmoset monkey, and mouse",Evolution of cellular diversity in primary motor cortex of human - non-neurons,,1705,,,Bakken,Nature,2021.0,10.1038/s41586-021-03465-8,https://cellxgene.cziscience.com/collections/367d95c0-0eb0-4dae-8276-9407239421ee,https://cellxgene.cziscience.com/e/9b686bb6-1427-4e13-b451-7ee961115cf9.cxg/,primary motor cortex,normal,367d95c0-0eb0-4dae-8276-9407239421ee,49658628-e235-41b9-9b2a-e7e777a55d11,9b686bb6-1427-4e13-b451-7ee961115cf9,dca77ed0-1f2f-474e-bec7-2f885968c73a,False,,PUBLIC,Homo sapiens,True,euclidean,True,True,True,https://datasets.cellxgene.cziscience.com/dca77ed0-1f2f-474e-bec7-2f885968c73a.h5ad,UBERON:0001384,,,PATO:0000461,,,,,,,,,,
unk,Single-cell analysis of prenatal and postnatal human cortical development,Single-cell analysis of prenatal and postnatal human cortical development,,709372,,,Velmeshev,Science,2023.0,10.1126/science.adf0834,https://cellxgene.cziscience.com/collections/bacccb91-066d-4453-b70e-59de0b4598cd,https://cellxgene.cziscience.com/e/1a38e762-2465-418f-b81c-6a4bce261c34.cxg/,caudal ganglionic eminence | cerebral cortex | cingulate cortex | frontal cortex | ganglionic eminence | insular cortex | lateral ganglionic eminence | medial ganglionic eminence | primary motor cortex | temporal cortex,normal,bacccb91-066d-4453-b70e-59de0b4598cd,89d37804-a2d6-480b-8364-4681e2ae590d,1a38e762-2465-418f-b81c-6a4bce261c34,2001fbc7-de84-4e84-9a76-4290bcd65415,False,,PUBLIC,Homo sapiens,True,euclidean,True,True,True,https://datasets.cellxgene.cziscience.com/2001fbc7-de84-4e84-9a76-4290bcd65415.h5ad,UBERON:0004026 | UBERON:0000956 | UBERON:0003027 | UBERON:0001870 | UBERON:0004023 | UBERON:0034891 | UBERON:0004025 | UBERON:0004024 | UBERON:0001384 | UBERON:0016538,,,PATO:0000461,,,,,,,,,,
unk,Cross-dementia human brain snRNA-seq (Rexach et al 2024),All Cells - snRNA-seq,,432555,,,Rexach,Cell,2024.0,10.1016/j.cell.2024.08.019,https://cellxgene.cziscience.com/collections/c53573b2-eff4-4c5e-9ad0-b24d422dfd9b,https://cellxgene.cziscience.com/e/ac0c6561-7a48-4185-af6f-af799f699172.cxg/,Brodmann (1909) area 4 | insular cortex | primary visual cortex,Alzheimer disease | Pick disease | normal | progressive supranuclear palsy,c53573b2-eff4-4c5e-9ad0-b24d422dfd9b,a9502798-5f32-46f2-b057-897d3dac384c,ac0c6561-7a48-4185-af6f-af799f699172,aa87f914-07e0-48aa-b915-8de906c95baf,False,,PUBLIC,Homo sapiens,True,euclidean,True,True,True,https://datasets.cellxgene.cziscience.com/aa87f914-07e0-48aa-b915-8de906c95baf.h5ad,UBERON:0013535 | UBERON:0034891 | UBERON:0002436,,,MONDO:0004975 | MONDO:0008243 | PATO:0000461 | MONDO:0019037,,,,,,,,,,
unk,"Cortical brain samples from C9-ALS, C9-ALS/FTD, C9-FTD patients and age matched controls",Occipital cortex samples from C9-FTD and age matched control brains,,66719,,,Gittings,Acta Neuropathol,2023.0,10.1007/s00401-023-02599-5,https://cellxgene.cziscience.com/collections/aee9c366-f2fb-470b-8937-577d5d87d3fc,https://cellxgene.cziscience.com/e/e6361237-ac4e-4c5d-ad8f-f16aca0c0a8f.cxg/,occipital cortex,frontotemporal dementia | normal,aee9c366-f2fb-470b-8937-577d5d87d3fc,cfc40c79-be3f-49a7-a4f0-ac8070157b14,e6361237-ac4e-4c5d-ad8f-f16aca0c0a8f,4a329bbe-e4e6-4816-a902-116458bc91f5,False,,PUBLIC,Homo sapiens,True,euclidean,True,True,True,https://datasets.cellxgene.cziscience.com/4a329bbe-e4e6-4816-a902-116458bc91f5.h5ad,UBERON:0016540,,,MONDO:0017276 | PATO:0000461,,,,,,,,,,
unk,"Cortical brain samples from C9-ALS, C9-ALS/FTD, C9-FTD patients and age matched controls","Frontal cortex samples from C9-ALS, C9-ALS/FTD and age matched control brains",,160658,,,Gittings,Acta Neuropathol,2023.0,10.1007/s00401-023-02599-5,https://cellxgene.cziscience.com/collections/aee9c366-f2fb-470b-8937-577d5d87d3fc,https://cellxgene.cziscience.com/e/98f5d518-1e60-4307-b732-ab045cd3cbc2.cxg/,frontal cortex,amyotrophic lateral sclerosis | amyotrophic lateral sclerosis 26 with or without frontotemporal dementia | normal,aee9c366-f2fb-470b-8937-577d5d87d3fc,cfc40c79-be3f-49a7-a4f0-ac8070157b14,98f5d518-1e60-4307-b732-ab045cd3cbc2,88cd274b-39d9-4fd5-8bbd-2f1af9fe3a52,False,,PUBLIC,Homo sapiens,True,euclidean,True,True,True,https://datasets.cellxgene.cziscience.com/88cd274b-39d9-4fd5-8bbd-2f1af9fe3a52.h5ad,UBERON:0001870,,,MONDO:0004976 | MONDO:0030885 | PATO:0000461,,,,,,,,,,
unk,"Cortical brain samples from C9-ALS, C9-ALS/FTD, C9-FTD patients and age matched controls",Frontal cortex samples from C9-FTD and age matched control brains,,113106,,,Gittings,Acta Neuropathol,2023.0,10.1007/s00401-023-02599-5,https://cellxgene.cziscience.com/collections/aee9c366-f2fb-470b-8937-577d5d87d3fc,https://cellxgene.cziscience.com/e/3b8b5de4-3aa1-4ac6-8890-8d03c8219981.cxg/,frontal cortex,frontotemporal dementia | normal,aee9c366-f2fb-470b-8937-577d5d87d3fc,cfc40c79-be3f-49a7-a4f0-ac8070157b14,3b8b5de4-3aa1-4ac6-8890-8d03c8219981,f98346a1-e7bd-4430-96d1-b4c4dfd57d36,False,,PUBLIC,Homo sapiens,True,euclidean,True,True,True,https://datasets.cellxgene.cziscience.com/f98346a1-e7bd-4430-96d1-b4c4dfd57d36.h5ad,UBERON:0001870,,,MONDO:0017276 | PATO:0000461,,,,,,,,,,
unk,"Cortical brain samples from C9-ALS, C9-ALS/FTD, C9-FTD patients and age matched controls","Occipital cortex samples from C9-ALS, C9-ALS/FTD and age matched control brains",,120807,,,Gittings,Acta Neuropathol,2023.0,10.1007/s00401-023-02599-5,https://cellxgene.cziscience.com/collections/aee9c366-f2fb-470b-8937-577d5d87d3fc,https://cellxgene.cziscience.com/e/0bc7235a-ae5a-479d-a487-510435377e55.cxg/,occipital cortex,amyotrophic lateral sclerosis | amyotrophic lateral sclerosis 26 with or without frontotemporal dementia | normal,aee9c366-f2fb-470b-8937-577d5d87d3fc,cfc40c79-be3f-49a7-a4f0-ac8070157b14,0bc7235a-ae5a-479d-a487-510435377e55,781770d4-f1de-4ae4-82a4-eeb38094fb73,False,,PUBLIC,Homo sapiens,True,euclidean,True,True,True,https://datasets.cellxgene.cziscience.com/781770d4-f1de-4ae4-82a4-eeb38094fb73.h5ad,UBERON:0016540,,,MONDO:0004976 | MONDO:0030885 | PATO:0000461,,,,,,,,,,
unk,Multi-omic profiling of the developing human cerebral cortex at the single cell level,10x scRNA-seq from human cortex,,45549,,,Zhu,Sci. Adv.,2023.0,10.1126/sciadv.adg3754,https://cellxgene.cziscience.com/collections/ceb895f4-ff9f-403a-b7c3-187a9657ac2c,https://cellxgene.cziscience.com/e/53ce2631-3646-4172-bbd9-38b0a44d8214.cxg/,cortical plate | dorsolateral prefrontal cortex,normal,ceb895f4-ff9f-403a-b7c3-187a9657ac2c,cfbc8200-7225-4ca6-8f52-5d7d27696139,53ce2631-3646-4172-bbd9-38b0a44d8214,06ee790a-829c-4c18-afa8-2dc9d3f1579b,False,,PUBLIC,Homo sapiens,True,euclidean,True,True,True,https://datasets.cellxgene.cziscience.com/06ee790a-829c-4c18-afa8-2dc9d3f1579b.h5ad,UBERON:0005343 | UBERON:0009834,,,PATO:0000461,,,,,,,,,,
unk,Molecular characterization of selectively vulnerable neurons in Alzheimer's Disease,Molecular characterization of selectively vulnerable neurons in Alzheimer’s Disease: SFG microglia,,3799,,,Leng,Nat Neurosci,2021.0,10.1038/s41593-020-00764-7,https://cellxgene.cziscience.com/collections/180bff9c-c8a5-4539-b13b-ddbc00d643e6,https://cellxgene.cziscience.com/e/bdacc907-7c26-419f-8808-969eab3ca2e8.cxg/,superior frontal gyrus,Alzheimer disease | normal,180bff9c-c8a5-4539-b13b-ddbc00d643e6,f75c2aa1-65b7-4c52-bc05-74fed3394fce,bdacc907-7c26-419f-8808-969eab3ca2e8,8d2c2221-bc69-4648-90ce-cf4038dc4147,False,,PUBLIC,Homo sapiens,True,euclidean,True,True,True,https://datasets.cellxgene.cziscience.com/8d2c2221-bc69-4648-90ce-cf4038dc4147.h5ad,UBERON:0002661,,,MONDO:0004975 | PATO:0000461,,,,,,,,,,
unk,Molecular characterization of selectively vulnerable neurons in Alzheimer's Disease,Molecular characterization of selectively vulnerable neurons in Alzheimer’s Disease: SFG astrocytes,,5970,,,Leng,Nat Neurosci,2021.0,10.1038/s41593-020-00764-7,https://cellxgene.cziscience.com/collections/180bff9c-c8a5-4539-b13b-ddbc00d643e6,https://cellxgene.cziscience.com/e/b94e3bdf-a385-49cc-b312-7a63cc28b77a.cxg/,superior frontal gyrus,Alzheimer disease | normal,180bff9c-c8a5-4539-b13b-ddbc00d643e6,f75c2aa1-65b7-4c52-bc05-74fed3394fce,b94e3bdf-a385-49cc-b312-7a63cc28b77a,d67e298e-11a3-45ac-8c58-36c4b6c12119,False,,PUBLIC,Homo sapiens,True,euclidean,True,True,True,https://datasets.cellxgene.cziscience.com/d67e298e-11a3-45ac-8c58-36c4b6c12119.h5ad,UBERON:0002661,,,MONDO:0004975 | PATO:0000461,,,,,,,,,,
unk,Molecular characterization of selectively vulnerable neurons in Alzheimer's Disease,Molecular characterization of selectively vulnerable neurons in Alzheimer’s Disease: SFG excitatory neurons,,15833,,,Leng,Nat Neurosci,2021.0,10.1038/s41593-020-00764-7,https://cellxgene.cziscience.com/collections/180bff9c-c8a5-4539-b13b-ddbc00d643e6,https://cellxgene.cziscience.com/e/873ff933-4fda-4936-9a70-67df11af90ac.cxg/,superior frontal gyrus,Alzheimer disease | normal,180bff9c-c8a5-4539-b13b-ddbc00d643e6,f75c2aa1-65b7-4c52-bc05-74fed3394fce,873ff933-4fda-4936-9a70-67df11af90ac,4b37c80d-7b86-4b49-a13c-67f3c0b459b1,False,,PUBLIC,Homo sapiens,True,euclidean,True,True,True,https://datasets.cellxgene.cziscience.com/4b37c80d-7b86-4b49-a13c-67f3c0b459b1.h5ad,UBERON:0002661,,,MONDO:0004975 | PATO:0000461,,,,,,,,,,
unk,Molecular characterization of selectively vulnerable neurons in Alzheimer's Disease,Molecular characterization of selectively vulnerable neurons in Alzheimer’s Disease: Superior frontal gyrus,,63608,,,Leng,Nat Neurosci,2021.0,10.1038/s41593-020-00764-7,https://cellxgene.cziscience.com/collections/180bff9c-c8a5-4539-b13b-ddbc00d643e6,https://cellxgene.cziscience.com/e/6c600df6-ddca-4628-a8bb-1d6de1e3f9b4.cxg/,superior frontal gyrus,Alzheimer disease | normal,180bff9c-c8a5-4539-b13b-ddbc00d643e6,f75c2aa1-65b7-4c52-bc05-74fed3394fce,6c600df6-ddca-4628-a8bb-1d6de1e3f9b4,7f19e3e7-c455-49d1-9b24-79c40c5c534c,False,,PUBLIC,Homo sapiens,True,euclidean,True,True,True,https://datasets.cellxgene.cziscience.com/7f19e3e7-c455-49d1-9b24-79c40c5c534c.h5ad,UBERON:0002661,,,MONDO:0004975 | PATO:0000461,,,,,,,,,,
unk,Molecular characterization of selectively vulnerable neurons in Alzheimer's Disease,Molecular characterization of selectively vulnerable neurons in Alzheimer’s Disease: SFG oligodendrocyte,,15772,,,Leng,Nat Neurosci,2021.0,10.1038/s41593-020-00764-7,https://cellxgene.cziscience.com/collections/180bff9c-c8a5-4539-b13b-ddbc00d643e6,https://cellxgene.cziscience.com/e/24066994-8183-488d-b037-ef6bb524af39.cxg/,superior frontal gyrus,Alzheimer disease | normal,180bff9c-c8a5-4539-b13b-ddbc00d643e6,f75c2aa1-65b7-4c52-bc05-74fed3394fce,24066994-8183-488d-b037-ef6bb524af39,7f0ea144-6aae-485f-ba01-65001aaf9ff1,False,,PUBLIC,Homo sapiens,True,euclidean,True,True,True,https://datasets.cellxgene.cziscience.com/7f0ea144-6aae-485f-ba01-65001aaf9ff1.h5ad,UBERON:0002661,,,MONDO:0004975 | PATO:0000461,,,,,,,,,,
unk,Molecular characterization of selectively vulnerable neurons in Alzheimer's Disease,Molecular characterization of selectively vulnerable neurons in Alzheimer’s Disease: SFG inhibitory neurons,,7506,,,Leng,Nat Neurosci,2021.0,10.1038/s41593-020-00764-7,https://cellxgene.cziscience.com/collections/180bff9c-c8a5-4539-b13b-ddbc00d643e6,https://cellxgene.cziscience.com/e/1492eb6b-7d50-4c4d-94ac-c801a7d5555c.cxg/,superior frontal gyrus,Alzheimer disease | normal,180bff9c-c8a5-4539-b13b-ddbc00d643e6,f75c2aa1-65b7-4c52-bc05-74fed3394fce,1492eb6b-7d50-4c4d-94ac-c801a7d5555c,837e3b3a-dde2-4f47-94c0-aaeee01afefb,False,,PUBLIC,Homo sapiens,True,euclidean,True,True,True,https://datasets.cellxgene.cziscience.com/837e3b3a-dde2-4f47-94c0-aaeee01afefb.h5ad,UBERON:0002661,,,MONDO:0004975 | PATO:0000461,,,,,,,,,,
unk,"Brain matters: Unveiling the Distinct Contributions of Region, Age, and Sex to Glia diversity and CNS Function",white matter - astrocytes,,3596,,,Seeker,acta neuropathol commun,2023.0,10.1186/s40478-023-01568-z,https://cellxgene.cziscience.com/collections/9d63fcf1-5ca0-4006-8d8f-872f3327dbe9,https://cellxgene.cziscience.com/e/c8f83821-a242-4ed7-86e9-7da077f5d348.cxg/,Brodmann (1909) area 4 | cervical spinal cord white matter | white matter of cerebellum,normal,9d63fcf1-5ca0-4006-8d8f-872f3327dbe9,4a4abb3f-be87-4fce-b0ee-7892d7cf592e,c8f83821-a242-4ed7-86e9-7da077f5d348,3830051f-82a0-4711-9ffe-359cf3b5a198,False,,PUBLIC,Homo sapiens,True,euclidean,True,True,True,https://datasets.cellxgene.cziscience.com/3830051f-82a0-4711-9ffe-359cf3b5a198.h5ad,UBERON:0013535 | UBERON:0014614 | UBERON:0002317,,,PATO:0000461,,,,,,,,,,
unk,"Brain matters: Unveiling the Distinct Contributions of Region, Age, and Sex to Glia diversity and CNS Function",white matter - all cells,,45528,,,Seeker,acta neuropathol commun,2023.0,10.1186/s40478-023-01568-z,https://cellxgene.cziscience.com/collections/9d63fcf1-5ca0-4006-8d8f-872f3327dbe9,https://cellxgene.cziscience.com/e/c05e6940-729c-47bd-a2a6-6ce3730c4919.cxg/,Brodmann (1909) area 4 | cervical spinal cord white matter | white matter of cerebellum,normal,9d63fcf1-5ca0-4006-8d8f-872f3327dbe9,4a4abb3f-be87-4fce-b0ee-7892d7cf592e,c05e6940-729c-47bd-a2a6-6ce3730c4919,a08ce2b5-813f-4596-832b-088f02efb55d,False,,PUBLIC,Homo sapiens,True,euclidean,True,True,True,https://datasets.cellxgene.cziscience.com/a08ce2b5-813f-4596-832b-088f02efb55d.h5ad,UBERON:0013535 | UBERON:0014614 | UBERON:0002317,,,PATO:0000461,,,,,,,,,,
unk,"Brain matters: Unveiling the Distinct Contributions of Region, Age, and Sex to Glia diversity and CNS Function",white matter - neurons,,10734,,,Seeker,acta neuropathol commun,2023.0,10.1186/s40478-023-01568-z,https://cellxgene.cziscience.com/collections/9d63fcf1-5ca0-4006-8d8f-872f3327dbe9,https://cellxgene.cziscience.com/e/894573ad-498f-47ee-9bec-ad0880147eea.cxg/,Brodmann (1909) area 4 | cervical spinal cord white matter | white matter of cerebellum,normal,9d63fcf1-5ca0-4006-8d8f-872f3327dbe9,4a4abb3f-be87-4fce-b0ee-7892d7cf592e,894573ad-498f-47ee-9bec-ad0880147eea,76367bc0-b279-45e0-bb3b-f17d61c5e7f0,False,,PUBLIC,Homo sapiens,True,euclidean,True,True,True,https://datasets.cellxgene.cziscience.com/76367bc0-b279-45e0-bb3b-f17d61c5e7f0.h5ad,UBERON:0013535 | UBERON:0014614 | UBERON:0002317,,,PATO:0000461,,,,,,,,,,
unk,"Brain matters: Unveiling the Distinct Contributions of Region, Age, and Sex to Glia diversity and CNS Function",white matter - microglia,,3851,,,Seeker,acta neuropathol commun,2023.0,10.1186/s40478-023-01568-z,https://cellxgene.cziscience.com/collections/9d63fcf1-5ca0-4006-8d8f-872f3327dbe9,https://cellxgene.cziscience.com/e/84242d25-f656-4ca6-8e8d-f3d2beeba11f.cxg/,Brodmann (1909) area 4 | cervical spinal cord white matter | white matter of cerebellum,normal,9d63fcf1-5ca0-4006-8d8f-872f3327dbe9,4a4abb3f-be87-4fce-b0ee-7892d7cf592e,84242d25-f656-4ca6-8e8d-f3d2beeba11f,ed002f23-ad80-45e8-93ca-fc1470aef850,False,,PUBLIC,Homo sapiens,True,euclidean,True,True,True,https://datasets.cellxgene.cziscience.com/ed002f23-ad80-45e8-93ca-fc1470aef850.h5ad,UBERON:0013535 | UBERON:0014614 | UBERON:0002317,,,PATO:0000461,,,,,,,,,,
unk,"Brain matters: Unveiling the Distinct Contributions of Region, Age, and Sex to Glia diversity and CNS Function",white matter - vascular cells,,4880,,,Seeker,acta neuropathol commun,2023.0,10.1186/s40478-023-01568-z,https://cellxgene.cziscience.com/collections/9d63fcf1-5ca0-4006-8d8f-872f3327dbe9,https://cellxgene.cziscience.com/e/3d044b52-140a-4528-bf0d-a2dbef9e1f40.cxg/,Brodmann (1909) area 4 | cervical spinal cord white matter | white matter of cerebellum,normal,9d63fcf1-5ca0-4006-8d8f-872f3327dbe9,4a4abb3f-be87-4fce-b0ee-7892d7cf592e,3d044b52-140a-4528-bf0d-a2dbef9e1f40,c2efb6e2-78cf-4b5c-86c9-b9464a054f38,False,,PUBLIC,Homo sapiens,True,euclidean,True,True,True,https://datasets.cellxgene.cziscience.com/c2efb6e2-78cf-4b5c-86c9-b9464a054f38.h5ad,UBERON:0013535 | UBERON:0014614 | UBERON:0002317,,,PATO:0000461,,,,,,,,,,
unk,"Brain matters: Unveiling the Distinct Contributions of Region, Age, and Sex to Glia diversity and CNS Function",white matter - oligodendroglia,,21968,,,Seeker,acta neuropathol commun,2023.0,10.1186/s40478-023-01568-z,https://cellxgene.cziscience.com/collections/9d63fcf1-5ca0-4006-8d8f-872f3327dbe9,https://cellxgene.cziscience.com/e/12194ced-8086-458e-84a8-e2ab935d8db1.cxg/,Brodmann (1909) area 4 | cervical spinal cord white matter | white matter of cerebellum,normal,9d63fcf1-5ca0-4006-8d8f-872f3327dbe9,4a4abb3f-be87-4fce-b0ee-7892d7cf592e,12194ced-8086-458e-84a8-e2ab935d8db1,5519d4d4-61f4-4831-9992-c55ccc8c1452,False,,PUBLIC,Homo sapiens,True,euclidean,True,True,True,https://datasets.cellxgene.cziscience.com/5519d4d4-61f4-4831-9992-c55ccc8c1452.h5ad,UBERON:0013535 | UBERON:0014614 | UBERON:0002317,,,PATO:0000461,,,,,,,,,,
unk,Molecular Signatures of Resilience to Alzheimer’s Disease in Neocortical Layer 4 Neurons,all cells,,424528,,,Dharshini,Nat Commun,2026.0,10.1038/s41467-026-68920-4,https://cellxgene.cziscience.com/collections/0d35c0fd-ef0b-4b70-bce6-645a4660e5fa,https://cellxgene.cziscience.com/e/cff99df2-4904-44f7-9173-ff837f95606e.cxg/,Brodmann (1909) area 17 | Brodmann (1909) area 7 | Brodmann (1909) area 9,Alzheimer disease | normal,0d35c0fd-ef0b-4b70-bce6-645a4660e5fa,49853d03-5d1d-4d6f-8c15-41e43204eabe,cff99df2-4904-44f7-9173-ff837f95606e,7bfa165b-b3af-4f84-9a89-ca22d3e093f3,False,,PUBLIC,Homo sapiens,True,euclidean,True,True,True,https://datasets.cellxgene.cziscience.com/7bfa165b-b3af-4f84-9a89-ca22d3e093f3.h5ad,UBERON:8440010 | UBERON:0013538 | UBERON:0013540,,,MONDO:0004975 | PATO:0000461,,,,,,,,,,
unk,Molecular Signatures of Resilience to Alzheimer’s Disease in Neocortical Layer 4 Neurons,Excitatory,,282930,,,Dharshini,Nat Commun,2026.0,10.1038/s41467-026-68920-4,https://cellxgene.cziscience.com/collections/0d35c0fd-ef0b-4b70-bce6-645a4660e5fa,https://cellxgene.cziscience.com/e/215ede73-4f67-4a72-b77e-9c3b077b6dfc.cxg/,Brodmann (1909) area 17 | Brodmann (1909) area 7 | Brodmann (1909) area 9,Alzheimer disease | normal,0d35c0fd-ef0b-4b70-bce6-645a4660e5fa,49853d03-5d1d-4d6f-8c15-41e43204eabe,215ede73-4f67-4a72-b77e-9c3b077b6dfc,38669699-40a6-49c5-96f9-51c6f0700e28,False,,PUBLIC,Homo sapiens,True,euclidean,True,True,True,https://datasets.cellxgene.cziscience.com/38669699-40a6-49c5-96f9-51c6f0700e28.h5ad,UBERON:8440010 | UBERON:0013538 | UBERON:0013540,,,MONDO:0004975 | PATO:0000461,,,,,,,,,,
unk,Molecular Signatures of Resilience to Alzheimer’s Disease in Neocortical Layer 4 Neurons,Inhibitory,,79294,,,Dharshini,Nat Commun,2026.0,10.1038/s41467-026-68920-4,https://cellxgene.cziscience.com/collections/0d35c0fd-ef0b-4b70-bce6-645a4660e5fa,https://cellxgene.cziscience.com/e/0ecea697-0f69-4d40-88e1-7f854e17e2b3.cxg/,Brodmann (1909) area 17 | Brodmann (1909) area 7 | Brodmann (1909) area 9,Alzheimer disease | normal,0d35c0fd-ef0b-4b70-bce6-645a4660e5fa,49853d03-5d1d-4d6f-8c15-41e43204eabe,0ecea697-0f69-4d40-88e1-7f854e17e2b3,c0d09937-0c24-43a4-8900-64b146ac4692,False,,PUBLIC,Homo sapiens,True,euclidean,True,True,True,https://datasets.cellxgene.cziscience.com/c0d09937-0c24-43a4-8900-64b146ac4692.h5ad,UBERON:8440010 | UBERON:0013538 | UBERON:0013540,,,MONDO:0004975 | PATO:0000461,,,,,,,,,,
unk,SEA-AD: Seattle Alzheimer’s Disease Brain Cell Atlas,Sst Chodl - DLPFC: Seattle Alzheimer's Disease Atlas (SEA-AD),,1877,,,Gabitto,Nat Neurosci,2024.0,10.1038/s41593-024-01774-5,https://cellxgene.cziscience.com/collections/1ca90a2d-2943-483d-b678-b809bf464c30,https://cellxgene.cziscience.com/e/fc0ceb80-d2d9-47c1-9d78-b0e45c64c500.cxg/,dorsolateral prefrontal cortex,dementia | normal,1ca90a2d-2943-483d-b678-b809bf464c30,ac990e34-0402-4ca5-9f5d-3e8ed38ca4fe,fc0ceb80-d2d9-47c1-9d78-b0e45c64c500,feea960d-f81c-4815-8ec2-26592e82de80,False,,PUBLIC,Homo sapiens,True,euclidean,True,True,True,https://datasets.cellxgene.cziscience.com/feea960d-f81c-4815-8ec2-26592e82de80.h5ad,UBERON:0009834,,,MONDO:0001627 | PATO:0000461,,,,,,,,,,
unk,SEA-AD: Seattle Alzheimer’s Disease Brain Cell Atlas,L6b - DLPFC: Seattle Alzheimer's Disease Atlas (SEA-AD),,18903,,,Gabitto,Nat Neurosci,2024.0,10.1038/s41593-024-01774-5,https://cellxgene.cziscience.com/collections/1ca90a2d-2943-483d-b678-b809bf464c30,https://cellxgene.cziscience.com/e/d0ea3ec4-0f3b-4649-9146-1c0b5f303a55.cxg/,dorsolateral prefrontal cortex,dementia | normal,1ca90a2d-2943-483d-b678-b809bf464c30,ac990e34-0402-4ca5-9f5d-3e8ed38ca4fe,d0ea3ec4-0f3b-4649-9146-1c0b5f303a55,eddd7422-7f05-4c77-bfe0-4b3e8665a78f,False,,PUBLIC,Homo sapiens,True,euclidean,True,True,True,https://datasets.cellxgene.cziscience.com/eddd7422-7f05-4c77-bfe0-4b3e8665a78f.h5ad,UBERON:0009834,,,MONDO:0001627 | PATO:0000461,,,,,,,,,,
unk,SEA-AD: Seattle Alzheimer’s Disease Brain Cell Atlas,L5/6 NP - DLPFC: Seattle Alzheimer's Disease Atlas (SEA-AD),,19191,,,Gabitto,Nat Neurosci,2024.0,10.1038/s41593-024-01774-5,https://cellxgene.cziscience.com/collections/1ca90a2d-2943-483d-b678-b809bf464c30,https://cellxgene.cziscience.com/e/b8920ef5-7d22-497b-abca-a7a9eb76d79a.cxg/,dorsolateral prefrontal cortex,dementia | normal,1ca90a2d-2943-483d-b678-b809bf464c30,ac990e34-0402-4ca5-9f5d-3e8ed38ca4fe,b8920ef5-7d22-497b-abca-a7a9eb76d79a,9b16a223-c8f2-4697-b2f5-c2f339e0df0f,False,,PUBLIC,Homo sapiens,True,euclidean,True,True,True,https://datasets.cellxgene.cziscience.com/9b16a223-c8f2-4697-b2f5-c2f339e0df0f.h5ad,UBERON:0009834,,,MONDO:0001627 | PATO:0000461,,,,,,,,,,
unk,SEA-AD: Seattle Alzheimer’s Disease Brain Cell Atlas,Sncg - DLPFC: Seattle Alzheimer's Disease Atlas (SEA-AD),,24792,,,Gabitto,Nat Neurosci,2024.0,10.1038/s41593-024-01774-5,https://cellxgene.cziscience.com/collections/1ca90a2d-2943-483d-b678-b809bf464c30,https://cellxgene.cziscience.com/e/b1d37bbd-9ae4-4404-b2f9-f2fe66750e4e.cxg/,dorsolateral prefrontal cortex,dementia | normal,1ca90a2d-2943-483d-b678-b809bf464c30,ac990e34-0402-4ca5-9f5d-3e8ed38ca4fe,b1d37bbd-9ae4-4404-b2f9-f2fe66750e4e,e6e74dde-2953-4691-86f8-6806c6d8f3b6,False,,PUBLIC,Homo sapiens,True,euclidean,True,True,True,https://datasets.cellxgene.cziscience.com/e6e74dde-2953-4691-86f8-6806c6d8f3b6.h5ad,UBERON:0009834,,,MONDO:0001627 | PATO:0000461,,,,,,,,,,
unk,SEA-AD: Seattle Alzheimer’s Disease Brain Cell Atlas,L6 CT - DLPFC: Seattle Alzheimer's Disease Atlas (SEA-AD),,29343,,,Gabitto,Nat Neurosci,2024.0,10.1038/s41593-024-01774-5,https://cellxgene.cziscience.com/collections/1ca90a2d-2943-483d-b678-b809bf464c30,https://cellxgene.cziscience.com/e/a4e89c26-e8d4-4471-9b06-16a1405880f0.cxg/,dorsolateral prefrontal cortex,dementia | normal,1ca90a2d-2943-483d-b678-b809bf464c30,ac990e34-0402-4ca5-9f5d-3e8ed38ca4fe,a4e89c26-e8d4-4471-9b06-16a1405880f0,29f02ab8-ac06-45d6-b610-ad1161d58453,False,,PUBLIC,Homo sapiens,True,euclidean,True,True,True,https://datasets.cellxgene.cziscience.com/29f02ab8-ac06-45d6-b610-ad1161d58453.h5ad,UBERON:0009834,,,MONDO:0001627 | PATO:0000461,,,,,,,,,,
unk,SEA-AD: Seattle Alzheimer’s Disease Brain Cell Atlas,Lamp5 Lhx6 - DLPFC: Seattle Alzheimer's Disease Atlas (SEA-AD),,22891,,,Gabitto,Nat Neurosci,2024.0,10.1038/s41593-024-01774-5,https://cellxgene.cziscience.com/collections/1ca90a2d-2943-483d-b678-b809bf464c30,https://cellxgene.cziscience.com/e/a190b2e9-3796-4785-9a2f-013e2a9a43e6.cxg/,dorsolateral prefrontal cortex,dementia | normal,1ca90a2d-2943-483d-b678-b809bf464c30,ac990e34-0402-4ca5-9f5d-3e8ed38ca4fe,a190b2e9-3796-4785-9a2f-013e2a9a43e6,4a582497-f8a8-480d-a085-64fa2887b2c2,False,,PUBLIC,Homo sapiens,True,euclidean,True,True,True,https://datasets.cellxgene.cziscience.com/4a582497-f8a8-480d-a085-64fa2887b2c2.h5ad,UBERON:0009834,,,MONDO:0001627 | PATO:0000461,,,,,,,,,,
unk,SEA-AD: Seattle Alzheimer’s Disease Brain Cell Atlas,L4 IT - DLPFC: Seattle Alzheimer's Disease Atlas (SEA-AD),,81869,,,Gabitto,Nat Neurosci,2024.0,10.1038/s41593-024-01774-5,https://cellxgene.cziscience.com/collections/1ca90a2d-2943-483d-b678-b809bf464c30,https://cellxgene.cziscience.com/e/9ff9f9ba-016b-4cbb-8899-45dc20860b8b.cxg/,dorsolateral prefrontal cortex,dementia | normal,1ca90a2d-2943-483d-b678-b809bf464c30,ac990e34-0402-4ca5-9f5d-3e8ed38ca4fe,9ff9f9ba-016b-4cbb-8899-45dc20860b8b,5dbf014b-ac61-40a8-b836-8b56e55aa666,False,,PUBLIC,Homo sapiens,True,euclidean,True,True,True,https://datasets.cellxgene.cziscience.com/5dbf014b-ac61-40a8-b836-8b56e55aa666.h5ad,UBERON:0009834,,,MONDO:0001627 | PATO:0000461,,,,,,,,,,
unk,SEA-AD: Seattle Alzheimer’s Disease Brain Cell Atlas,Oligodendrocyte - DLPFC: Seattle Alzheimer's Disease Atlas (SEA-AD),,145995,,,Gabitto,Nat Neurosci,2024.0,10.1038/s41593-024-01774-5,https://cellxgene.cziscience.com/collections/1ca90a2d-2943-483d-b678-b809bf464c30,https://cellxgene.cziscience.com/e/9940f951-3dc0-4579-bbb2-2392786e59a3.cxg/,dorsolateral prefrontal cortex,dementia | normal,1ca90a2d-2943-483d-b678-b809bf464c30,ac990e34-0402-4ca5-9f5d-3e8ed38ca4fe,9940f951-3dc0-4579-bbb2-2392786e59a3,d847bbb8-9be5-473c-9f3a-4af707a2cd05,False,,PUBLIC,Homo sapiens,True,euclidean,True,True,True,https://datasets.cellxgene.cziscience.com/d847bbb8-9be5-473c-9f3a-4af707a2cd05.h5ad,UBERON:0009834,,,MONDO:0001627 | PATO:0000461,,,,,,,,,,
unk,SEA-AD: Seattle Alzheimer’s Disease Brain Cell Atlas,Astrocyte - DLPFC: Seattle Alzheimer's Disease Atlas (SEA-AD),,87444,,,Gabitto,Nat Neurosci,2024.0,10.1038/s41593-024-01774-5,https://cellxgene.cziscience.com/collections/1ca90a2d-2943-483d-b678-b809bf464c30,https://cellxgene.cziscience.com/e/74d584f0-74fc-482e-b944-e76f29c1ab85.cxg/,dorsolateral prefrontal cortex,dementia | normal,1ca90a2d-2943-483d-b678-b809bf464c30,ac990e34-0402-4ca5-9f5d-3e8ed38ca4fe,74d584f0-74fc-482e-b944-e76f29c1ab85,c4675fdb-f3d1-45f7-85b2-ab7e70f5e4a1,False,,PUBLIC,Homo sapiens,True,euclidean,True,True,True,https://datasets.cellxgene.cziscience.com/c4675fdb-f3d1-45f7-85b2-ab7e70f5e4a1.h5ad,UBERON:0009834,,,MONDO:0001627 | PATO:0000461,,,,,,,,,,
unk,SEA-AD: Seattle Alzheimer’s Disease Brain Cell Atlas,Whole Taxonomy - DLPFC: Seattle Alzheimer's Disease Atlas (SEA-AD),,1395601,,,Gabitto,Nat Neurosci,2024.0,10.1038/s41593-024-01774-5,https://cellxgene.cziscience.com/collections/1ca90a2d-2943-483d-b678-b809bf464c30,https://cellxgene.cziscience.com/e/6f7fd0f1-a2ed-4ff1-80d3-33dde731cbc3.cxg/,dorsolateral prefrontal cortex,dementia | normal,1ca90a2d-2943-483d-b678-b809bf464c30,ac990e34-0402-4ca5-9f5d-3e8ed38ca4fe,6f7fd0f1-a2ed-4ff1-80d3-33dde731cbc3,c2b49431-9288-4d94-8ca5-f6723b72217e,False,,PUBLIC,Homo sapiens,True,euclidean,True,True,True,https://datasets.cellxgene.cziscience.com/c2b49431-9288-4d94-8ca5-f6723b72217e.h5ad,UBERON:0009834,,,MONDO:0001627 | PATO:0000461,,,,,,,,,,
unk,SEA-AD: Seattle Alzheimer’s Disease Brain Cell Atlas,L5 ET - DLPFC: Seattle Alzheimer's Disease Atlas (SEA-AD),,4097,,,Gabitto,Nat Neurosci,2024.0,10.1038/s41593-024-01774-5,https://cellxgene.cziscience.com/collections/1ca90a2d-2943-483d-b678-b809bf464c30,https://cellxgene.cziscience.com/e/6cda07c7-5d7a-41ba-9799-5bb73da25a60.cxg/,dorsolateral prefrontal cortex,dementia | normal,1ca90a2d-2943-483d-b678-b809bf464c30,ac990e34-0402-4ca5-9f5d-3e8ed38ca4fe,6cda07c7-5d7a-41ba-9799-5bb73da25a60,0e107eec-5fe6-4eea-b2b3-e77b98fdfbad,False,,PUBLIC,Homo sapiens,True,euclidean,True,True,True,https://datasets.cellxgene.cziscience.com/0e107eec-5fe6-4eea-b2b3-e77b98fdfbad.h5ad,UBERON:0009834,,,MONDO:0001627 | PATO:0000461,,,,,,,,,,
unk,SEA-AD: Seattle Alzheimer’s Disease Brain Cell Atlas,L2/3 IT - DLPFC: Seattle Alzheimer's Disease Atlas (SEA-AD),,341960,,,Gabitto,Nat Neurosci,2024.0,10.1038/s41593-024-01774-5,https://cellxgene.cziscience.com/collections/1ca90a2d-2943-483d-b678-b809bf464c30,https://cellxgene.cziscience.com/e/646e3e87-e46b-4b12-85b5-8d8589e26088.cxg/,dorsolateral prefrontal cortex,dementia | normal,1ca90a2d-2943-483d-b678-b809bf464c30,ac990e34-0402-4ca5-9f5d-3e8ed38ca4fe,646e3e87-e46b-4b12-85b5-8d8589e26088,76a28c5c-e70f-4b23-a072-51103e45f33c,False,,PUBLIC,Homo sapiens,True,euclidean,True,True,True,https://datasets.cellxgene.cziscience.com/76a28c5c-e70f-4b23-a072-51103e45f33c.h5ad,UBERON:0009834,,,MONDO:0001627 | PATO:0000461,,,,,,,,,,
unk,SEA-AD: Seattle Alzheimer’s Disease Brain Cell Atlas,L6 IT - DLPFC: Seattle Alzheimer's Disease Atlas (SEA-AD),,47373,,,Gabitto,Nat Neurosci,2024.0,10.1038/s41593-024-01774-5,https://cellxgene.cziscience.com/collections/1ca90a2d-2943-483d-b678-b809bf464c30,https://cellxgene.cziscience.com/e/6437bc9c-16cb-46c8-8f79-9a7384a0212a.cxg/,dorsolateral prefrontal cortex,dementia | normal,1ca90a2d-2943-483d-b678-b809bf464c30,ac990e34-0402-4ca5-9f5d-3e8ed38ca4fe,6437bc9c-16cb-46c8-8f79-9a7384a0212a,b8dc7763-e917-42ae-ac8d-1d82e75aac24,False,,PUBLIC,Homo sapiens,True,euclidean,True,True,True,https://datasets.cellxgene.cziscience.com/b8dc7763-e917-42ae-ac8d-1d82e75aac24.h5ad,UBERON:0009834,,,MONDO:0001627 | PATO:0000461,,,,,,,,,,
unk,SEA-AD: Seattle Alzheimer’s Disease Brain Cell Atlas,OPC - DLPFC: Seattle Alzheimer's Disease Atlas (SEA-AD),,29041,,,Gabitto,Nat Neurosci,2024.0,10.1038/s41593-024-01774-5,https://cellxgene.cziscience.com/collections/1ca90a2d-2943-483d-b678-b809bf464c30,https://cellxgene.cziscience.com/e/58c43cc2-e00e-43c4-94eb-8501369264e1.cxg/,dorsolateral prefrontal cortex,dementia | normal,1ca90a2d-2943-483d-b678-b809bf464c30,ac990e34-0402-4ca5-9f5d-3e8ed38ca4fe,58c43cc2-e00e-43c4-94eb-8501369264e1,92762ef7-6cb4-4946-ac81-f54c640a72a4,False,,PUBLIC,Homo sapiens,True,euclidean,True,True,True,https://datasets.cellxgene.cziscience.com/92762ef7-6cb4-4946-ac81-f54c640a72a4.h5ad,UBERON:0009834,,,MONDO:0001627 | PATO:0000461,,,,,,,,,,
unk,SEA-AD: Seattle Alzheimer’s Disease Brain Cell Atlas,Vip - DLPFC: Seattle Alzheimer's Disease Atlas (SEA-AD),,100215,,,Gabitto,Nat Neurosci,2024.0,10.1038/s41593-024-01774-5,https://cellxgene.cziscience.com/collections/1ca90a2d-2943-483d-b678-b809bf464c30,https://cellxgene.cziscience.com/e/53bc5729-6202-4351-bc99-1f36139e9dc4.cxg/,dorsolateral prefrontal cortex,dementia | normal,1ca90a2d-2943-483d-b678-b809bf464c30,ac990e34-0402-4ca5-9f5d-3e8ed38ca4fe,53bc5729-6202-4351-bc99-1f36139e9dc4,3118a841-51f1-469e-b6bc-84b9d4353ad9,False,,PUBLIC,Homo sapiens,True,euclidean,True,True,True,https://datasets.cellxgene.cziscience.com/3118a841-51f1-469e-b6bc-84b9d4353ad9.h5ad,UBERON:0009834,,,MONDO:0001627 | PATO:0000461,,,,,,,,,,
unk,SEA-AD: Seattle Alzheimer’s Disease Brain Cell Atlas,L5 IT - DLPFC: Seattle Alzheimer's Disease Atlas (SEA-AD),,104106,,,Gabitto,Nat Neurosci,2024.0,10.1038/s41593-024-01774-5,https://cellxgene.cziscience.com/collections/1ca90a2d-2943-483d-b678-b809bf464c30,https://cellxgene.cziscience.com/e/44c83972-e5d2-4858-ac58-2df9f4bf564b.cxg/,dorsolateral prefrontal cortex,dementia | normal,1ca90a2d-2943-483d-b678-b809bf464c30,ac990e34-0402-4ca5-9f5d-3e8ed38ca4fe,44c83972-e5d2-4858-ac58-2df9f4bf564b,062b6690-0131-4745-b220-5b3749f0bd6e,False,,PUBLIC,Homo sapiens,True,euclidean,True,True,True,https://datasets.cellxgene.cziscience.com/062b6690-0131-4745-b220-5b3749f0bd6e.h5ad,UBERON:0009834,,,MONDO:0001627 | PATO:0000461,,,,,,,,,,
unk,SEA-AD: Seattle Alzheimer’s Disease Brain Cell Atlas,Endothelial - DLPFC: Seattle Alzheimer's Disease Atlas (SEA-AD),,2575,,,Gabitto,Nat Neurosci,2024.0,10.1038/s41593-024-01774-5,https://cellxgene.cziscience.com/collections/1ca90a2d-2943-483d-b678-b809bf464c30,https://cellxgene.cziscience.com/e/2ecc72f8-085f-4e86-8692-771f316c54f6.cxg/,dorsolateral prefrontal cortex,dementia | normal,1ca90a2d-2943-483d-b678-b809bf464c30,ac990e34-0402-4ca5-9f5d-3e8ed38ca4fe,2ecc72f8-085f-4e86-8692-771f316c54f6,cdb842f8-e62d-449b-9d9b-21b4ad012fc7,False,,PUBLIC,Homo sapiens,True,euclidean,True,True,True,https://datasets.cellxgene.cziscience.com/cdb842f8-e62d-449b-9d9b-21b4ad012fc7.h5ad,UBERON:0009834,,,MONDO:0001627 | PATO:0000461,,,,,,,,,,
unk,SEA-AD: Seattle Alzheimer’s Disease Brain Cell Atlas,VLMC - DLPFC: Seattle Alzheimer's Disease Atlas (SEA-AD),,4860,,,Gabitto,Nat Neurosci,2024.0,10.1038/s41593-024-01774-5,https://cellxgene.cziscience.com/collections/1ca90a2d-2943-483d-b678-b809bf464c30,https://cellxgene.cziscience.com/e/2e5a9b5d-d31b-4e9f-a179-d5d70ba459fb.cxg/,dorsolateral prefrontal cortex,dementia | normal,1ca90a2d-2943-483d-b678-b809bf464c30,ac990e34-0402-4ca5-9f5d-3e8ed38ca4fe,2e5a9b5d-d31b-4e9f-a179-d5d70ba459fb,d9315841-b5c5-46cc-97bf-fd2804b0d310,False,,PUBLIC,Homo sapiens,True,euclidean,True,True,True,https://datasets.cellxgene.cziscience.com/d9315841-b5c5-46cc-97bf-fd2804b0d310.h5ad,UBERON:0009834,,,MONDO:0001627 | PATO:0000461,,,,,,,,,,
unk,SEA-AD: Seattle Alzheimer’s Disease Brain Cell Atlas,L6 IT Car3 - DLPFC: Seattle Alzheimer's Disease Atlas (SEA-AD),,13909,,,Gabitto,Nat Neurosci,2024.0,10.1038/s41593-024-01774-5,https://cellxgene.cziscience.com/collections/1ca90a2d-2943-483d-b678-b809bf464c30,https://cellxgene.cziscience.com/e/1c9f5c6b-73da-4d17-95de-df080ffe0df1.cxg/,dorsolateral prefrontal cortex,dementia | normal,1ca90a2d-2943-483d-b678-b809bf464c30,ac990e34-0402-4ca5-9f5d-3e8ed38ca4fe,1c9f5c6b-73da-4d17-95de-df080ffe0df1,53bf0c0b-18cb-4b09-b895-43bc7aa91873,False,,PUBLIC,Homo sapiens,True,euclidean,True,True,True,https://datasets.cellxgene.cziscience.com/53bf0c0b-18cb-4b09-b895-43bc7aa91873.h5ad,UBERON:0009834,,,MONDO:0001627 | PATO:0000461,,,,,,,,,,
unk,SEA-AD: Seattle Alzheimer’s Disease Brain Cell Atlas,Microglia-PVM - DLPFC: Seattle Alzheimer's Disease Atlas (SEA-AD),,42486,,,Gabitto,Nat Neurosci,2024.0,10.1038/s41593-024-01774-5,https://cellxgene.cziscience.com/collections/1ca90a2d-2943-483d-b678-b809bf464c30,https://cellxgene.cziscience.com/e/100c6145-7b0e-4ba6-81c1-ffebed0d1ac4.cxg/,dorsolateral prefrontal cortex,dementia | normal,1ca90a2d-2943-483d-b678-b809bf464c30,ac990e34-0402-4ca5-9f5d-3e8ed38ca4fe,100c6145-7b0e-4ba6-81c1-ffebed0d1ac4,a3092416-4409-4805-aacb-be6fab3d9fb4,False,,PUBLIC,Homo sapiens,True,euclidean,True,True,True,https://datasets.cellxgene.cziscience.com/a3092416-4409-4805-aacb-be6fab3d9fb4.h5ad,UBERON:0009834,,,MONDO:0001627 | PATO:0000461,,,,,,,,,,
unk,SEA-AD: Seattle Alzheimer’s Disease Brain Cell Atlas,Lamp5 - DLPFC: Seattle Alzheimer's Disease Atlas (SEA-AD),,55968,,,Gabitto,Nat Neurosci,2024.0,10.1038/s41593-024-01774-5,https://cellxgene.cziscience.com/collections/1ca90a2d-2943-483d-b678-b809bf464c30,https://cellxgene.cziscience.com/e/0ed60482-a34f-4268-b576-d69cc30210f6.cxg/,dorsolateral prefrontal cortex,dementia | normal,1ca90a2d-2943-483d-b678-b809bf464c30,ac990e34-0402-4ca5-9f5d-3e8ed38ca4fe,0ed60482-a34f-4268-b576-d69cc30210f6,5533d469-a735-4311-876a-a09481a6bf17,False,,PUBLIC,Homo sapiens,True,euclidean,True,True,True,https://datasets.cellxgene.cziscience.com/5533d469-a735-4311-876a-a09481a6bf17.h5ad,UBERON:0009834,,,MONDO:0001627 | PATO:0000461,,,,,,,,,,
unk,SEA-AD: Seattle Alzheimer’s Disease Brain Cell Atlas,Pax6 - DLPFC: Seattle Alzheimer's Disease Atlas (SEA-AD),,9446,,,Gabitto,Nat Neurosci,2024.0,10.1038/s41593-024-01774-5,https://cellxgene.cziscience.com/collections/1ca90a2d-2943-483d-b678-b809bf464c30,https://cellxgene.cziscience.com/e/0eccaf0c-19d2-4900-9962-899378adf8be.cxg/,dorsolateral prefrontal cortex,dementia | normal,1ca90a2d-2943-483d-b678-b809bf464c30,ac990e34-0402-4ca5-9f5d-3e8ed38ca4fe,0eccaf0c-19d2-4900-9962-899378adf8be,078b5995-18a2-46c8-bf6d-78c318ceeab0,False,,PUBLIC,Homo sapiens,True,euclidean,True,True,True,https://datasets.cellxgene.cziscience.com/078b5995-18a2-46c8-bf6d-78c318ceeab0.h5ad,UBERON:0009834,,,MONDO:0001627 | PATO:0000461,,,,,,,,,,
unk,SEA-AD: Seattle Alzheimer’s Disease Brain Cell Atlas,Pvalb - DLPFC: Seattle Alzheimer's Disease Atlas (SEA-AD),,116142,,,Gabitto,Nat Neurosci,2024.0,10.1038/s41593-024-01774-5,https://cellxgene.cziscience.com/collections/1ca90a2d-2943-483d-b678-b809bf464c30,https://cellxgene.cziscience.com/e/04c94a7d-1133-42c9-bb48-c697bd302a8d.cxg/,dorsolateral prefrontal cortex,dementia | normal,1ca90a2d-2943-483d-b678-b809bf464c30,ac990e34-0402-4ca5-9f5d-3e8ed38ca4fe,04c94a7d-1133-42c9-bb48-c697bd302a8d,c71d47a1-3d67-4ed8-acbf-90491d872b26,False,,PUBLIC,Homo sapiens,True,euclidean,True,True,True,https://datasets.cellxgene.cziscience.com/c71d47a1-3d67-4ed8-acbf-90491d872b26.h5ad,UBERON:0009834,,,MONDO:0001627 | PATO:0000461,,,,,,,,,,
unk,SEA-AD: Seattle Alzheimer’s Disease Brain Cell Atlas,Chandelier - DLPFC: Seattle Alzheimer's Disease Atlas (SEA-AD),,15412,,,Gabitto,Nat Neurosci,2024.0,10.1038/s41593-024-01774-5,https://cellxgene.cziscience.com/collections/1ca90a2d-2943-483d-b678-b809bf464c30,https://cellxgene.cziscience.com/e/0374f03c-62e2-4859-8a14-acb00b0627d5.cxg/,dorsolateral prefrontal cortex,dementia | normal,1ca90a2d-2943-483d-b678-b809bf464c30,ac990e34-0402-4ca5-9f5d-3e8ed38ca4fe,0374f03c-62e2-4859-8a14-acb00b0627d5,baa56093-bff9-48c7-9f31-bf667398ec58,False,,PUBLIC,Homo sapiens,True,euclidean,True,True,True,https://datasets.cellxgene.cziscience.com/baa56093-bff9-48c7-9f31-bf667398ec58.h5ad,UBERON:0009834,,,MONDO:0001627 | PATO:0000461,,,,,,,,,,
unk,SEA-AD: Seattle Alzheimer’s Disease Brain Cell Atlas,Sst - DLPFC: Seattle Alzheimer's Disease Atlas (SEA-AD),,75706,,,Gabitto,Nat Neurosci,2024.0,10.1038/s41593-024-01774-5,https://cellxgene.cziscience.com/collections/1ca90a2d-2943-483d-b678-b809bf464c30,https://cellxgene.cziscience.com/e/03181d87-4769-41e7-8c39-d9a81835f0d2.cxg/,dorsolateral prefrontal cortex,dementia | normal,1ca90a2d-2943-483d-b678-b809bf464c30,ac990e34-0402-4ca5-9f5d-3e8ed38ca4fe,03181d87-4769-41e7-8c39-d9a81835f0d2,8a0d2cd6-9c0f-4afa-be62-d3d3a7dd02a6,False,,PUBLIC,Homo sapiens,True,euclidean,True,True,True,https://datasets.cellxgene.cziscience.com/8a0d2cd6-9c0f-4afa-be62-d3d3a7dd02a6.h5ad,UBERON:0009834,,,MONDO:0001627 | PATO:0000461,,,,,,,,,,
unk,Single-Cell DNA Methylation and 3D Genome Human Brain Atlas,DNA methylation of brain cells -- CG methylation of Inhibitory and Subcortical Neurons (snmC-seq),,175387,,,Tian,Science,2023.0,10.1126/science.adf5357,https://cellxgene.cziscience.com/collections/fdebfda9-bb9a-4b4b-97e5-651097ea07b0,https://cellxgene.cziscience.com/e/f0939ae1-0877-42b2-bc0e-3249a42c2c0f.cxg/,Brodmann (1909) area 19 | Brodmann (1909) area 24 | Brodmann (1909) area 25 | Brodmann (1909) area 38 | Brodmann (1909) area 46 | agranular insular cortex | amygdala | anterior cingulate cortex | basolateral amygdaloid nuclear complex | bed nucleus of stria terminalis | body of caudate nucleus | central amygdaloid nucleus | central nucleus of inferior colliculus | cerebellum | claustrum of brain | corticomedial nuclear complex | cuneus cortex | dentate gyrus of hippocampal formation | globus pallidus | granular insular cortex | hippocampal field | hippocampal formation | inferior temporal gyrus | insula | lateral entorhinal cortex | medial dorsal nucleus of thalamus | medial entorhinal cortex | middle temporal gyrus | nucleus accumbens | parietal cortex | piriform cortex | pontine nuclear group | posterior parahippocampal gyrus | prefrontal cortex | primary auditory cortex | primary motor cortex | primary somatosensory cortex | primary visual cortex | pulvinar nucleus | putamen | secondary visual cortex | septal nuclear complex | subiculum | substantia innominata,normal,fdebfda9-bb9a-4b4b-97e5-651097ea07b0,3b238311-35e1-4fae-8bdc-41fc8f5e95d1,f0939ae1-0877-42b2-bc0e-3249a42c2c0f,8dff3d88-0e0c-40e9-b9e1-e4b500a21c87,False,,PUBLIC,Homo sapiens,True,euclidean,True,True,True,https://datasets.cellxgene.cziscience.com/8dff3d88-0e0c-40e9-b9e1-e4b500a21c87.h5ad,UBERON:0013550 | UBERON:0006101 | UBERON:0013556 | UBERON:0006479 | UBERON:0006483 | UBERON:0034893 | UBERON:0001876 | UBERON:0009835 | UBERON:0006107 | UBERON:0001880 | UBERON:0002630 | UBERON:0002883 | UBERON:0002563 | UBERON:0002037 | UBERON:0002023 | UBERON:0006108 | UBERON:0006092 | UBERON:0001885 | UBERON:0001875 | UBERON:0034892 | UBERON:0003876 | UBERON:0002421 | UBERON:0002751 | UBERON:0002022 | UBERON:0007225 | UBERON:0002739 | UBERON:0007224 | UBERON:0002771 | UBERON:0001882 | UBERON:0016530 | UBERON:0004725 | UBERON:0002151 | UBERON:0002657 | UBERON:0000451 | UBERON:0034751 | UBERON:0001384 | UBERON:0008933 | UBERON:0002436 | UBERON:0002981 | UBERON:0001874 | UBERON:0022232 | UBERON:0002663 | UBERON:0002191 | UBERON:0003017,,,PATO:0000461,,,,,,,,,,
unk,Single-Cell DNA Methylation and 3D Genome Human Brain Atlas,DNA methylation of brain cells -- non-CG methylation of Non-neuronal Cells (snm3C-seq),,83674,,,Tian,Science,2023.0,10.1126/science.adf5357,https://cellxgene.cziscience.com/collections/fdebfda9-bb9a-4b4b-97e5-651097ea07b0,https://cellxgene.cziscience.com/e/e8d1c9cc-29e6-4b51-90f1-29e75de6098f.cxg/,Brodmann (1909) area 24 | Brodmann (1909) area 46 | agranular insular cortex | amygdala | bed nucleus of stria terminalis | body of caudate nucleus | corticomedial nuclear complex | globus pallidus | lateral entorhinal cortex | middle temporal gyrus | nucleus accumbens | piriform cortex | primary motor cortex | primary visual cortex | putamen | septal nuclear complex | substantia innominata,normal,fdebfda9-bb9a-4b4b-97e5-651097ea07b0,3b238311-35e1-4fae-8bdc-41fc8f5e95d1,e8d1c9cc-29e6-4b51-90f1-29e75de6098f,1d229352-3ba6-48f6-b36c-86a684ae7d81,False,,PUBLIC,Homo sapiens,True,euclidean,True,True,True,https://datasets.cellxgene.cziscience.com/1d229352-3ba6-48f6-b36c-86a684ae7d81.h5ad,UBERON:0006101 | UBERON:0006483 | UBERON:0034893 | UBERON:0001876 | UBERON:0001880 | UBERON:0002630 | UBERON:0006108 | UBERON:0001875 | UBERON:0007225 | UBERON:0002771 | UBERON:0001882 | UBERON:0004725 | UBERON:0001384 | UBERON:0002436 | UBERON:0001874 | UBERON:0002663 | UBERON:0003017,,,PATO:0000461,,,,,,,,,,
unk,Single-Cell DNA Methylation and 3D Genome Human Brain Atlas,DNA methylation of brain cells -- CG methylation of Non-neuronal Cells (snm3C-seq),,83674,,,Tian,Science,2023.0,10.1126/science.adf5357,https://cellxgene.cziscience.com/collections/fdebfda9-bb9a-4b4b-97e5-651097ea07b0,https://cellxgene.cziscience.com/e/d6f3c096-a6f0-4e67-91ad-514bd286f13e.cxg/,Brodmann (1909) area 24 | Brodmann (1909) area 46 | agranular insular cortex | amygdala | bed nucleus of stria terminalis | body of caudate nucleus | corticomedial nuclear complex | globus pallidus | lateral entorhinal cortex | middle temporal gyrus | nucleus accumbens | piriform cortex | primary motor cortex | primary visual cortex | putamen | septal nuclear complex | substantia innominata,normal,fdebfda9-bb9a-4b4b-97e5-651097ea07b0,3b238311-35e1-4fae-8bdc-41fc8f5e95d1,d6f3c096-a6f0-4e67-91ad-514bd286f13e,9fc39fde-e35e-420b-af83-9d900546819d,False,,PUBLIC,Homo sapiens,True,euclidean,True,True,True,https://datasets.cellxgene.cziscience.com/9fc39fde-e35e-420b-af83-9d900546819d.h5ad,UBERON:0006101 | UBERON:0006483 | UBERON:0034893 | UBERON:0001876 | UBERON:0001880 | UBERON:0002630 | UBERON:0006108 | UBERON:0001875 | UBERON:0007225 | UBERON:0002771 | UBERON:0001882 | UBERON:0004725 | UBERON:0001384 | UBERON:0002436 | UBERON:0001874 | UBERON:0002663 | UBERON:0003017,,,PATO:0000461,,,,,,,,,,
unk,Single-Cell DNA Methylation and 3D Genome Human Brain Atlas,DNA methylation of brain cells -- non-CG methylation of Inhibitory and Subcortical Neurons (snm3C-seq),,30022,,,Tian,Science,2023.0,10.1126/science.adf5357,https://cellxgene.cziscience.com/collections/fdebfda9-bb9a-4b4b-97e5-651097ea07b0,https://cellxgene.cziscience.com/e/a12d95f7-480f-4c8a-bf24-302175b27bc4.cxg/,Brodmann (1909) area 24 | Brodmann (1909) area 46 | agranular insular cortex | amygdala | bed nucleus of stria terminalis | body of caudate nucleus | corticomedial nuclear complex | globus pallidus | lateral entorhinal cortex | middle temporal gyrus | nucleus accumbens | piriform cortex | primary motor cortex | primary visual cortex | putamen | septal nuclear complex | substantia innominata,normal,fdebfda9-bb9a-4b4b-97e5-651097ea07b0,3b238311-35e1-4fae-8bdc-41fc8f5e95d1,a12d95f7-480f-4c8a-bf24-302175b27bc4,a272e86e-3fad-43e4-a67d-6ce4df1a4482,False,,PUBLIC,Homo sapiens,True,euclidean,True,True,True,https://datasets.cellxgene.cziscience.com/a272e86e-3fad-43e4-a67d-6ce4df1a4482.h5ad,UBERON:0006101 | UBERON:0006483 | UBERON:0034893 | UBERON:0001876 | UBERON:0001880 | UBERON:0002630 | UBERON:0006108 | UBERON:0001875 | UBERON:0007225 | UBERON:0002771 | UBERON:0001882 | UBERON:0004725 | UBERON:0001384 | UBERON:0002436 | UBERON:0001874 | UBERON:0002663 | UBERON:0003017,,,PATO:0000461,,,,,,,,,,
unk,Single-Cell DNA Methylation and 3D Genome Human Brain Atlas,DNA methylation of brain cells -- non-CG methylation of Non-neuronal Cells (snmC-seq),,34722,,,Tian,Science,2023.0,10.1126/science.adf5357,https://cellxgene.cziscience.com/collections/fdebfda9-bb9a-4b4b-97e5-651097ea07b0,https://cellxgene.cziscience.com/e/8f83f50e-c091-4095-8456-a7acf6c9d423.cxg/,Brodmann (1909) area 19 | Brodmann (1909) area 24 | Brodmann (1909) area 25 | Brodmann (1909) area 38 | Brodmann (1909) area 46 | agranular insular cortex | amygdala | anterior cingulate cortex | basolateral amygdaloid nuclear complex | bed nucleus of stria terminalis | body of caudate nucleus | central amygdaloid nucleus | central nucleus of inferior colliculus | cerebellum | claustrum of brain | corticomedial nuclear complex | cuneus cortex | dentate gyrus of hippocampal formation | globus pallidus | granular insular cortex | hippocampal field | hippocampal formation | inferior temporal gyrus | insula | lateral entorhinal cortex | medial dorsal nucleus of thalamus | medial entorhinal cortex | middle temporal gyrus | nucleus accumbens | parietal cortex | piriform cortex | pontine nuclear group | posterior parahippocampal gyrus | prefrontal cortex | primary auditory cortex | primary motor cortex | primary somatosensory cortex | primary visual cortex | pulvinar nucleus | putamen | secondary visual cortex | septal nuclear complex | subiculum | substantia innominata,normal,fdebfda9-bb9a-4b4b-97e5-651097ea07b0,3b238311-35e1-4fae-8bdc-41fc8f5e95d1,8f83f50e-c091-4095-8456-a7acf6c9d423,02cf84ec-9bc3-407a-a4e8-0ee61be85914,False,,PUBLIC,Homo sapiens,True,euclidean,True,True,True,https://datasets.cellxgene.cziscience.com/02cf84ec-9bc3-407a-a4e8-0ee61be85914.h5ad,UBERON:0013550 | UBERON:0006101 | UBERON:0013556 | UBERON:0006479 | UBERON:0006483 | UBERON:0034893 | UBERON:0001876 | UBERON:0009835 | UBERON:0006107 | UBERON:0001880 | UBERON:0002630 | UBERON:0002883 | UBERON:0002563 | UBERON:0002037 | UBERON:0002023 | UBERON:0006108 | UBERON:0006092 | UBERON:0001885 | UBERON:0001875 | UBERON:0034892 | UBERON:0003876 | UBERON:0002421 | UBERON:0002751 | UBERON:0002022 | UBERON:0007225 | UBERON:0002739 | UBERON:0007224 | UBERON:0002771 | UBERON:0001882 | UBERON:0016530 | UBERON:0004725 | UBERON:0002151 | UBERON:0002657 | UBERON:0000451 | UBERON:0034751 | UBERON:0001384 | UBERON:0008933 | UBERON:0002436 | UBERON:0002981 | UBERON:0001874 | UBERON:0022232 | UBERON:0002663 | UBERON:0002191 | UBERON:0003017,,,PATO:0000461,,,,,,,,,,
unk,Single-Cell DNA Methylation and 3D Genome Human Brain Atlas,DNA methylation of brain cells -- non-CG methylation of Inhibitory and Subcortical Neurons (snmC-seq),,175387,,,Tian,Science,2023.0,10.1126/science.adf5357,https://cellxgene.cziscience.com/collections/fdebfda9-bb9a-4b4b-97e5-651097ea07b0,https://cellxgene.cziscience.com/e/52f0b078-0fb7-4cdb-81f8-d1bcf7b4468b.cxg/,Brodmann (1909) area 19 | Brodmann (1909) area 24 | Brodmann (1909) area 25 | Brodmann (1909) area 38 | Brodmann (1909) area 46 | agranular insular cortex | amygdala | anterior cingulate cortex | basolateral amygdaloid nuclear complex | bed nucleus of stria terminalis | body of caudate nucleus | central amygdaloid nucleus | central nucleus of inferior colliculus | cerebellum | claustrum of brain | corticomedial nuclear complex | cuneus cortex | dentate gyrus of hippocampal formation | globus pallidus | granular insular cortex | hippocampal field | hippocampal formation | inferior temporal gyrus | insula | lateral entorhinal cortex | medial dorsal nucleus of thalamus | medial entorhinal cortex | middle temporal gyrus | nucleus accumbens | parietal cortex | piriform cortex | pontine nuclear group | posterior parahippocampal gyrus | prefrontal cortex | primary auditory cortex | primary motor cortex | primary somatosensory cortex | primary visual cortex | pulvinar nucleus | putamen | secondary visual cortex | septal nuclear complex | subiculum | substantia innominata,normal,fdebfda9-bb9a-4b4b-97e5-651097ea07b0,3b238311-35e1-4fae-8bdc-41fc8f5e95d1,52f0b078-0fb7-4cdb-81f8-d1bcf7b4468b,60eef365-80fd-4526-9187-5c804cff6b0b,False,,PUBLIC,Homo sapiens,True,euclidean,True,True,True,https://datasets.cellxgene.cziscience.com/60eef365-80fd-4526-9187-5c804cff6b0b.h5ad,UBERON:0013550 | UBERON:0006101 | UBERON:0013556 | UBERON:0006479 | UBERON:0006483 | UBERON:0034893 | UBERON:0001876 | UBERON:0009835 | UBERON:0006107 | UBERON:0001880 | UBERON:0002630 | UBERON:0002883 | UBERON:0002563 | UBERON:0002037 | UBERON:0002023 | UBERON:0006108 | UBERON:0006092 | UBERON:0001885 | UBERON:0001875 | UBERON:0034892 | UBERON:0003876 | UBERON:0002421 | UBERON:0002751 | UBERON:0002022 | UBERON:0007225 | UBERON:0002739 | UBERON:0007224 | UBERON:0002771 | UBERON:0001882 | UBERON:0016530 | UBERON:0004725 | UBERON:0002151 | UBERON:0002657 | UBERON:0000451 | UBERON:0034751 | UBERON:0001384 | UBERON:0008933 | UBERON:0002436 | UBERON:0002981 | UBERON:0001874 | UBERON:0022232 | UBERON:0002663 | UBERON:0002191 | UBERON:0003017,,,PATO:0000461,,,,,,,,,,
unk,Single-Cell DNA Methylation and 3D Genome Human Brain Atlas,DNA methylation of brain cells -- CG methylation of Excitatory Neurons (snm3C-seq),,30027,,,Tian,Science,2023.0,10.1126/science.adf5357,https://cellxgene.cziscience.com/collections/fdebfda9-bb9a-4b4b-97e5-651097ea07b0,https://cellxgene.cziscience.com/e/427bfbe6-1141-4505-98e3-38aa05339310.cxg/,Brodmann (1909) area 24 | Brodmann (1909) area 46 | agranular insular cortex | amygdala | bed nucleus of stria terminalis | corticomedial nuclear complex | lateral entorhinal cortex | middle temporal gyrus | nucleus accumbens | piriform cortex | primary motor cortex | primary visual cortex | putamen | septal nuclear complex | substantia innominata,normal,fdebfda9-bb9a-4b4b-97e5-651097ea07b0,3b238311-35e1-4fae-8bdc-41fc8f5e95d1,427bfbe6-1141-4505-98e3-38aa05339310,64394a3a-e1d3-406b-b089-c85ecdfef7dd,False,,PUBLIC,Homo sapiens,True,euclidean,True,True,True,https://datasets.cellxgene.cziscience.com/64394a3a-e1d3-406b-b089-c85ecdfef7dd.h5ad,UBERON:0006101 | UBERON:0006483 | UBERON:0034893 | UBERON:0001876 | UBERON:0001880 | UBERON:0006108 | UBERON:0007225 | UBERON:0002771 | UBERON:0001882 | UBERON:0004725 | UBERON:0001384 | UBERON:0002436 | UBERON:0001874 | UBERON:0002663 | UBERON:0003017,,,PATO:0000461,,,,,,,,,,
unk,Single-Cell DNA Methylation and 3D Genome Human Brain Atlas,DNA methylation of brain cells -- non-CG methylation of Excitatory Neurons (snm3C-seq),,30027,,,Tian,Science,2023.0,10.1126/science.adf5357,https://cellxgene.cziscience.com/collections/fdebfda9-bb9a-4b4b-97e5-651097ea07b0,https://cellxgene.cziscience.com/e/3ed61f1e-bd31-411e-b4aa-9729e8437732.cxg/,Brodmann (1909) area 24 | Brodmann (1909) area 46 | agranular insular cortex | amygdala | bed nucleus of stria terminalis | corticomedial nuclear complex | lateral entorhinal cortex | middle temporal gyrus | nucleus accumbens | piriform cortex | primary motor cortex | primary visual cortex | putamen | septal nuclear complex | substantia innominata,normal,fdebfda9-bb9a-4b4b-97e5-651097ea07b0,3b238311-35e1-4fae-8bdc-41fc8f5e95d1,3ed61f1e-bd31-411e-b4aa-9729e8437732,8cb44303-ed05-4229-8be5-6197c187ff21,False,,PUBLIC,Homo sapiens,True,euclidean,True,True,True,https://datasets.cellxgene.cziscience.com/8cb44303-ed05-4229-8be5-6197c187ff21.h5ad,UBERON:0006101 | UBERON:0006483 | UBERON:0034893 | UBERON:0001876 | UBERON:0001880 | UBERON:0006108 | UBERON:0007225 | UBERON:0002771 | UBERON:0001882 | UBERON:0004725 | UBERON:0001384 | UBERON:0002436 | UBERON:0001874 | UBERON:0002663 | UBERON:0003017,,,PATO:0000461,,,,,,,,,,
unk,Single-Cell DNA Methylation and 3D Genome Human Brain Atlas,DNA methylation of brain cells -- non-CG methylation of Excitatory Neurons (snmC-seq),,163779,,,Tian,Science,2023.0,10.1126/science.adf5357,https://cellxgene.cziscience.com/collections/fdebfda9-bb9a-4b4b-97e5-651097ea07b0,https://cellxgene.cziscience.com/e/38e5738d-3870-433b-858a-5c364f322439.cxg/,Brodmann (1909) area 19 | Brodmann (1909) area 24 | Brodmann (1909) area 25 | Brodmann (1909) area 38 | Brodmann (1909) area 46 | agranular insular cortex | amygdala | anterior cingulate cortex | basolateral amygdaloid nuclear complex | bed nucleus of stria terminalis | body of caudate nucleus | central amygdaloid nucleus | central nucleus of inferior colliculus | claustrum of brain | corticomedial nuclear complex | cuneus cortex | dentate gyrus of hippocampal formation | globus pallidus | granular insular cortex | hippocampal field | hippocampal formation | inferior temporal gyrus | insula | lateral entorhinal cortex | medial dorsal nucleus of thalamus | medial entorhinal cortex | middle temporal gyrus | nucleus accumbens | parietal cortex | piriform cortex | pontine nuclear group | posterior parahippocampal gyrus | prefrontal cortex | primary auditory cortex | primary motor cortex | primary somatosensory cortex | primary visual cortex | pulvinar nucleus | putamen | secondary visual cortex | septal nuclear complex | subiculum | substantia innominata,normal,fdebfda9-bb9a-4b4b-97e5-651097ea07b0,3b238311-35e1-4fae-8bdc-41fc8f5e95d1,38e5738d-3870-433b-858a-5c364f322439,5fa153d0-192d-4a4a-a17b-623b4b54f0bf,False,,PUBLIC,Homo sapiens,True,euclidean,True,True,True,https://datasets.cellxgene.cziscience.com/5fa153d0-192d-4a4a-a17b-623b4b54f0bf.h5ad,UBERON:0013550 | UBERON:0006101 | UBERON:0013556 | UBERON:0006479 | UBERON:0006483 | UBERON:0034893 | UBERON:0001876 | UBERON:0009835 | UBERON:0006107 | UBERON:0001880 | UBERON:0002630 | UBERON:0002883 | UBERON:0002563 | UBERON:0002023 | UBERON:0006108 | UBERON:0006092 | UBERON:0001885 | UBERON:0001875 | UBERON:0034892 | UBERON:0003876 | UBERON:0002421 | UBERON:0002751 | UBERON:0002022 | UBERON:0007225 | UBERON:0002739 | UBERON:0007224 | UBERON:0002771 | UBERON:0001882 | UBERON:0016530 | UBERON:0004725 | UBERON:0002151 | UBERON:0002657 | UBERON:0000451 | UBERON:0034751 | UBERON:0001384 | UBERON:0008933 | UBERON:0002436 | UBERON:0002981 | UBERON:0001874 | UBERON:0022232 | UBERON:0002663 | UBERON:0002191 | UBERON:0003017,,,PATO:0000461,,,,,,,,,,
unk,Single-Cell DNA Methylation and 3D Genome Human Brain Atlas,DNA methylation of brain cells -- CG methylation of Excitatory Neurons (snmC-seq),,163779,,,Tian,Science,2023.0,10.1126/science.adf5357,https://cellxgene.cziscience.com/collections/fdebfda9-bb9a-4b4b-97e5-651097ea07b0,https://cellxgene.cziscience.com/e/346c5aad-b034-4248-8cbe-0a05fd634b9c.cxg/,Brodmann (1909) area 19 | Brodmann (1909) area 24 | Brodmann (1909) area 25 | Brodmann (1909) area 38 | Brodmann (1909) area 46 | agranular insular cortex | amygdala | anterior cingulate cortex | basolateral amygdaloid nuclear complex | bed nucleus of stria terminalis | body of caudate nucleus | central amygdaloid nucleus | central nucleus of inferior colliculus | claustrum of brain | corticomedial nuclear complex | cuneus cortex | dentate gyrus of hippocampal formation | globus pallidus | granular insular cortex | hippocampal field | hippocampal formation | inferior temporal gyrus | insula | lateral entorhinal cortex | medial dorsal nucleus of thalamus | medial entorhinal cortex | middle temporal gyrus | nucleus accumbens | parietal cortex | piriform cortex | pontine nuclear group | posterior parahippocampal gyrus | prefrontal cortex | primary auditory cortex | primary motor cortex | primary somatosensory cortex | primary visual cortex | pulvinar nucleus | putamen | secondary visual cortex | septal nuclear complex | subiculum | substantia innominata,normal,fdebfda9-bb9a-4b4b-97e5-651097ea07b0,3b238311-35e1-4fae-8bdc-41fc8f5e95d1,346c5aad-b034-4248-8cbe-0a05fd634b9c,2a028b44-5120-48ec-a8e2-08cd7a5f1d0f,False,,PUBLIC,Homo sapiens,True,euclidean,True,True,True,https://datasets.cellxgene.cziscience.com/2a028b44-5120-48ec-a8e2-08cd7a5f1d0f.h5ad,UBERON:0013550 | UBERON:0006101 | UBERON:0013556 | UBERON:0006479 | UBERON:0006483 | UBERON:0034893 | UBERON:0001876 | UBERON:0009835 | UBERON:0006107 | UBERON:0001880 | UBERON:0002630 | UBERON:0002883 | UBERON:0002563 | UBERON:0002023 | UBERON:0006108 | UBERON:0006092 | UBERON:0001885 | UBERON:0001875 | UBERON:0034892 | UBERON:0003876 | UBERON:0002421 | UBERON:0002751 | UBERON:0002022 | UBERON:0007225 | UBERON:0002739 | UBERON:0007224 | UBERON:0002771 | UBERON:0001882 | UBERON:0016530 | UBERON:0004725 | UBERON:0002151 | UBERON:0002657 | UBERON:0000451 | UBERON:0034751 | UBERON:0001384 | UBERON:0008933 | UBERON:0002436 | UBERON:0002981 | UBERON:0001874 | UBERON:0022232 | UBERON:0002663 | UBERON:0002191 | UBERON:0003017,,,PATO:0000461,,,,,,,,,,
unk,Single-Cell DNA Methylation and 3D Genome Human Brain Atlas,DNA methylation of brain cells -- CG methylation of Inhibitory and Subcortical Neurons (snm3C-seq),,30022,,,Tian,Science,2023.0,10.1126/science.adf5357,https://cellxgene.cziscience.com/collections/fdebfda9-bb9a-4b4b-97e5-651097ea07b0,https://cellxgene.cziscience.com/e/33da10b0-9c1d-4c82-9b14-c67cdcf9fae5.cxg/,Brodmann (1909) area 24 | Brodmann (1909) area 46 | agranular insular cortex | amygdala | bed nucleus of stria terminalis | body of caudate nucleus | corticomedial nuclear complex | globus pallidus | lateral entorhinal cortex | middle temporal gyrus | nucleus accumbens | piriform cortex | primary motor cortex | primary visual cortex | putamen | septal nuclear complex | substantia innominata,normal,fdebfda9-bb9a-4b4b-97e5-651097ea07b0,3b238311-35e1-4fae-8bdc-41fc8f5e95d1,33da10b0-9c1d-4c82-9b14-c67cdcf9fae5,38d23186-0665-442e-a9fb-b236584e6dd3,False,,PUBLIC,Homo sapiens,True,euclidean,True,True,True,https://datasets.cellxgene.cziscience.com/38d23186-0665-442e-a9fb-b236584e6dd3.h5ad,UBERON:0006101 | UBERON:0006483 | UBERON:0034893 | UBERON:0001876 | UBERON:0001880 | UBERON:0002630 | UBERON:0006108 | UBERON:0001875 | UBERON:0007225 | UBERON:0002771 | UBERON:0001882 | UBERON:0004725 | UBERON:0001384 | UBERON:0002436 | UBERON:0001874 | UBERON:0002663 | UBERON:0003017,,,PATO:0000461,,,,,,,,,,
unk,Single-Cell DNA Methylation and 3D Genome Human Brain Atlas,DNA methylation of brain cells -- CG methylation of Non-neuronal Cells (snmC-seq),,34722,,,Tian,Science,2023.0,10.1126/science.adf5357,https://cellxgene.cziscience.com/collections/fdebfda9-bb9a-4b4b-97e5-651097ea07b0,https://cellxgene.cziscience.com/e/0500e103-38db-456d-9c3f-b96b8a693ab2.cxg/,Brodmann (1909) area 19 | Brodmann (1909) area 24 | Brodmann (1909) area 25 | Brodmann (1909) area 38 | Brodmann (1909) area 46 | agranular insular cortex | amygdala | anterior cingulate cortex | basolateral amygdaloid nuclear complex | bed nucleus of stria terminalis | body of caudate nucleus | central amygdaloid nucleus | central nucleus of inferior colliculus | cerebellum | claustrum of brain | corticomedial nuclear complex | cuneus cortex | dentate gyrus of hippocampal formation | globus pallidus | granular insular cortex | hippocampal field | hippocampal formation | inferior temporal gyrus | insula | lateral entorhinal cortex | medial dorsal nucleus of thalamus | medial entorhinal cortex | middle temporal gyrus | nucleus accumbens | parietal cortex | piriform cortex | pontine nuclear group | posterior parahippocampal gyrus | prefrontal cortex | primary auditory cortex | primary motor cortex | primary somatosensory cortex | primary visual cortex | pulvinar nucleus | putamen | secondary visual cortex | septal nuclear complex | subiculum | substantia innominata,normal,fdebfda9-bb9a-4b4b-97e5-651097ea07b0,3b238311-35e1-4fae-8bdc-41fc8f5e95d1,0500e103-38db-456d-9c3f-b96b8a693ab2,00894f62-511d-4848-98a5-f2bbbb043784,False,,PUBLIC,Homo sapiens,True,euclidean,True,True,True,https://datasets.cellxgene.cziscience.com/00894f62-511d-4848-98a5-f2bbbb043784.h5ad,UBERON:0013550 | UBERON:0006101 | UBERON:0013556 | UBERON:0006479 | UBERON:0006483 | UBERON:0034893 | UBERON:0001876 | UBERON:0009835 | UBERON:0006107 | UBERON:0001880 | UBERON:0002630 | UBERON:0002883 | UBERON:0002563 | UBERON:0002037 | UBERON:0002023 | UBERON:0006108 | UBERON:0006092 | UBERON:0001885 | UBERON:0001875 | UBERON:0034892 | UBERON:0003876 | UBERON:0002421 | UBERON:0002751 | UBERON:0002022 | UBERON:0007225 | UBERON:0002739 | UBERON:0007224 | UBERON:0002771 | UBERON:0001882 | UBERON:0016530 | UBERON:0004725 | UBERON:0002151 | UBERON:0002657 | UBERON:0000451 | UBERON:0034751 | UBERON:0001384 | UBERON:0008933 | UBERON:0002436 | UBERON:0002981 | UBERON:0001874 | UBERON:0022232 | UBERON:0002663 | UBERON:0002191 | UBERON:0003017,,,PATO:0000461,,,,,,,,,,
unk,Molecular and cellular evolution of the primate dorsolateral prefrontal cortex,Single-nucleus transcriptome data from the dlPFC: Human,,172120,,,Ma,Science,2022.0,10.1126/science.abo7257,https://cellxgene.cziscience.com/collections/e1fa9900-3fc9-4b57-9dce-c95724c88716,https://cellxgene.cziscience.com/e/3c361813-5d5e-4868-bfe5-e7591e7b5381.cxg/,dorsolateral prefrontal cortex,normal,e1fa9900-3fc9-4b57-9dce-c95724c88716,0c29cc0f-295c-41e9-887d-4d1b531d785b,3c361813-5d5e-4868-bfe5-e7591e7b5381,992791d9-4ba2-4ca6-94ef-1013f73e4696,False,,PUBLIC,Homo sapiens,True,euclidean,True,True,True,https://datasets.cellxgene.cziscience.com/992791d9-4ba2-4ca6-94ef-1013f73e4696.h5ad,UBERON:0009834,,,PATO:0000461,,,,,,,,,,
unk,Human Brain Cell Atlas v1.0,Supercluster: Astrocyte,,155025,,,Siletti,Science,2023.0,10.1126/science.add7046,https://cellxgene.cziscience.com/collections/283d65eb-dd53-496d-adb7-7570c7caa443,https://cellxgene.cziscience.com/e/f7d003d4-40d5-4de8-858c-a9a8b48fcc67.cxg/,Brodmann (1909) area 13 | Brodmann (1909) area 14 | Brodmann (1909) area 19 | Brodmann (1909) area 23 | Brodmann (1909) area 24 | Brodmann (1909) area 25 | Brodmann (1909) area 32 | Brodmann (1909) area 35 | Brodmann (1909) area 38 | Brodmann (1909) area 40 | Brodmann (1909) area 43 | Brodmann (1909) area 46 | accessory basal amygdaloid nucleus | agranular insular cortex | anterior cortical amygdaloid nucleus | anterior nuclear group | anterior olfactory nucleus | basolateral amygdaloid nuclear complex | bed nucleus of stria terminalis | body of caudate nucleus | central amygdaloid nucleus | centromedian nucleus of thalamus | cerebellar nuclear complex | cerebellar vermis | cerebrocerebellum | claustrum of brain | corticomedial nuclear complex | cuneus cortex | dentate gyrus of hippocampal formation | dorsal tegmental nucleus | epithalamus | extrastriate cortex | globus pallidus | granular insular cortex | gray matter of midbrain | hippocampal field | hypothalamus | inferior frontal gyrus | inferior olivary complex | inferior temporal gyrus | intralaminar nuclear group | lateral amygdaloid nucleus | lateral entorhinal cortex | lateral geniculate body | lateral nuclear group of thalamus | lateral posterior nucleus of thalamus | mammillary body | medial dorsal nucleus of thalamus | medial entorhinal cortex | medial geniculate body | medial zone of hypothalamus | median tuberal portion | midbrain nucleus | midbrain tectum | middle temporal gyrus | nucleus accumbens | nucleus of dorsal thalamus | nucleus of medulla oblongata | parabrachial nucleus | perirhinal cortex | piriform cortex | pontine nuclear group | pontine reticular formation | pontine tegmentum | posterior parahippocampal gyrus | preoptic area | pretectal region | primary auditory cortex | primary motor cortex | primary somatosensory cortex | primary visual cortex | pulvinar nucleus | putamen | red nucleus | retrosplenial region | rostral CA3 | septal nuclear complex | spinal cord | subicular complex | substantia innominata | substantia nigra | subthalamic nucleus | superior parietal cortex | superior temporal gyrus | supraoptic nucleus | temporal fusiform gyrus | uncal CA1 | ventral anterior nucleus of thalamus,normal,283d65eb-dd53-496d-adb7-7570c7caa443,36a4e4dd-d0f4-4b4a-bea8-a173ddafb13f,f7d003d4-40d5-4de8-858c-a9a8b48fcc67,d0fe7a36-36d5-4072-b040-0138d3e024f5,False,,PUBLIC,Homo sapiens,True,euclidean,True,True,True,https://datasets.cellxgene.cziscience.com/d0fe7a36-36d5-4072-b040-0138d3e024f5.h5ad,UBERON:0013544 | UBERON:0013545 | UBERON:0013550 | UBERON:0013554 | UBERON:0006101 | UBERON:0013556 | UBERON:0013560 | UBERON:0006102 | UBERON:0006479 | UBERON:0013573 | UBERON:0013561 | UBERON:0006483 | UBERON:0002885 | UBERON:0034893 | UBERON:0034991 | UBERON:0002788 | UBERON:0002266 | UBERON:0006107 | UBERON:0001880 | UBERON:0002630 | UBERON:0002883 | UBERON:0002972 | UBERON:0002130 | UBERON:0004720 | UBERON:0014644 | UBERON:0002023 | UBERON:0006108 | UBERON:0006092 | UBERON:0001885 | UBERON:0002143 | UBERON:0001899 | UBERON:0014370 | UBERON:0001875 | UBERON:0034892 | UBERON:0019267 | UBERON:0003876 | UBERON:0001898 | UBERON:0002998 | UBERON:0002127 | UBERON:0002751 | UBERON:0002733 | UBERON:0002886 | UBERON:0007225 | UBERON:0001926 | UBERON:0002736 | UBERON:0002983 | UBERON:0002206 | UBERON:0002739 | UBERON:0007224 | UBERON:0001927 | UBERON:0002272 | UBERON:2000392 | UBERON:0009661 | UBERON:0002314 | UBERON:0002771 | UBERON:0001882 | UBERON:0015233 | UBERON:0007635 | UBERON:0007634 | UBERON:0006083 | UBERON:0004725 | UBERON:0002151 | UBERON:0002573 | UBERON:0003023 | UBERON:0002657 | UBERON:0001928 | UBERON:0001944 | UBERON:0034751 | UBERON:0001384 | UBERON:0008933 | UBERON:0002436 | UBERON:0002981 | UBERON:0001874 | UBERON:0001947 | UBERON:0013531 | UBERON:0034779 | UBERON:0002663 | UBERON:0002240 | UBERON:0023787 | UBERON:0003017 | UBERON:0002038 | UBERON:0001906 | UBERON:0006094 | UBERON:0002769 | UBERON:0001929 | UBERON:0022395 | UBERON:0034774 | UBERON:0002637,,,PATO:0000461,,,,,,,,,,
unk,Human Brain Cell Atlas v1.0,Dissection: Cerebral cortex (Cx) - Precentral gyrus (PrCG) - Primary motor cortex - M1C,,116576,,,Siletti,Science,2023.0,10.1126/science.add7046,https://cellxgene.cziscience.com/collections/283d65eb-dd53-496d-adb7-7570c7caa443,https://cellxgene.cziscience.com/e/f32c2c13-bb1a-4ffd-a457-60b64ecfa4cb.cxg/,primary motor cortex,normal,283d65eb-dd53-496d-adb7-7570c7caa443,36a4e4dd-d0f4-4b4a-bea8-a173ddafb13f,f32c2c13-bb1a-4ffd-a457-60b64ecfa4cb,87e73a20-47e3-476c-8955-13eced77d320,False,,PUBLIC,Homo sapiens,True,euclidean,True,True,True,https://datasets.cellxgene.cziscience.com/87e73a20-47e3-476c-8955-13eced77d320.h5ad,UBERON:0001384,,,PATO:0000461,,,,,,,,,,
unk,Human Brain Cell Atlas v1.0,Supercluster: Committed oligodendrocyte precursor,,4720,,,Siletti,Science,2023.0,10.1126/science.add7046,https://cellxgene.cziscience.com/collections/283d65eb-dd53-496d-adb7-7570c7caa443,https://cellxgene.cziscience.com/e/f16f4108-7873-4035-9989-3748da1a7ff1.cxg/,Brodmann (1909) area 13 | Brodmann (1909) area 14 | Brodmann (1909) area 19 | Brodmann (1909) area 23 | Brodmann (1909) area 24 | Brodmann (1909) area 25 | Brodmann (1909) area 32 | Brodmann (1909) area 35 | Brodmann (1909) area 38 | Brodmann (1909) area 40 | Brodmann (1909) area 43 | Brodmann (1909) area 46 | accessory basal amygdaloid nucleus | agranular insular cortex | anterior cortical amygdaloid nucleus | anterior nuclear group | anterior olfactory nucleus | basolateral amygdaloid nuclear complex | bed nucleus of stria terminalis | body of caudate nucleus | central amygdaloid nucleus | centromedian nucleus of thalamus | cerebellar nuclear complex | cerebellar vermis | cerebrocerebellum | claustrum of brain | corticomedial nuclear complex | cuneus cortex | dentate gyrus of hippocampal formation | dorsal tegmental nucleus | epithalamus | extrastriate cortex | globus pallidus | granular insular cortex | gray matter of midbrain | hippocampal field | hypothalamus | inferior frontal gyrus | inferior olivary complex | inferior temporal gyrus | intralaminar nuclear group | lateral amygdaloid nucleus | lateral entorhinal cortex | lateral geniculate body | lateral nuclear group of thalamus | lateral posterior nucleus of thalamus | mammillary body | medial dorsal nucleus of thalamus | medial entorhinal cortex | medial geniculate body | medial zone of hypothalamus | median tuberal portion | midbrain nucleus | midbrain tectum | middle temporal gyrus | nucleus accumbens | nucleus of dorsal thalamus | nucleus of medulla oblongata | parabrachial nucleus | perirhinal cortex | piriform cortex | pontine nuclear group | pontine reticular formation | pontine tegmentum | posterior parahippocampal gyrus | preoptic area | pretectal region | primary auditory cortex | primary motor cortex | primary somatosensory cortex | primary visual cortex | pulvinar nucleus | putamen | red nucleus | retrosplenial region | rostral CA3 | septal nuclear complex | spinal cord | subicular complex | substantia innominata | substantia nigra | subthalamic nucleus | superior parietal cortex | superior temporal gyrus | supraoptic nucleus | temporal fusiform gyrus | uncal CA1 | ventral anterior nucleus of thalamus,normal,283d65eb-dd53-496d-adb7-7570c7caa443,36a4e4dd-d0f4-4b4a-bea8-a173ddafb13f,f16f4108-7873-4035-9989-3748da1a7ff1,bb9249e4-5515-48b1-b5fa-426876552252,False,,PUBLIC,Homo sapiens,True,euclidean,True,True,True,https://datasets.cellxgene.cziscience.com/bb9249e4-5515-48b1-b5fa-426876552252.h5ad,UBERON:0013544 | UBERON:0013545 | UBERON:0013550 | UBERON:0013554 | UBERON:0006101 | UBERON:0013556 | UBERON:0013560 | UBERON:0006102 | UBERON:0006479 | UBERON:0013573 | UBERON:0013561 | UBERON:0006483 | UBERON:0002885 | UBERON:0034893 | UBERON:0034991 | UBERON:0002788 | UBERON:0002266 | UBERON:0006107 | UBERON:0001880 | UBERON:0002630 | UBERON:0002883 | UBERON:0002972 | UBERON:0002130 | UBERON:0004720 | UBERON:0014644 | UBERON:0002023 | UBERON:0006108 | UBERON:0006092 | UBERON:0001885 | UBERON:0002143 | UBERON:0001899 | UBERON:0014370 | UBERON:0001875 | UBERON:0034892 | UBERON:0019267 | UBERON:0003876 | UBERON:0001898 | UBERON:0002998 | UBERON:0002127 | UBERON:0002751 | UBERON:0002733 | UBERON:0002886 | UBERON:0007225 | UBERON:0001926 | UBERON:0002736 | UBERON:0002983 | UBERON:0002206 | UBERON:0002739 | UBERON:0007224 | UBERON:0001927 | UBERON:0002272 | UBERON:2000392 | UBERON:0009661 | UBERON:0002314 | UBERON:0002771 | UBERON:0001882 | UBERON:0015233 | UBERON:0007635 | UBERON:0007634 | UBERON:0006083 | UBERON:0004725 | UBERON:0002151 | UBERON:0002573 | UBERON:0003023 | UBERON:0002657 | UBERON:0001928 | UBERON:0001944 | UBERON:0034751 | UBERON:0001384 | UBERON:0008933 | UBERON:0002436 | UBERON:0002981 | UBERON:0001874 | UBERON:0001947 | UBERON:0013531 | UBERON:0034779 | UBERON:0002663 | UBERON:0002240 | UBERON:0023787 | UBERON:0003017 | UBERON:0002038 | UBERON:0001906 | UBERON:0006094 | UBERON:0002769 | UBERON:0001929 | UBERON:0022395 | UBERON:0034774 | UBERON:0002637,,,PATO:0000461,,,,,,,,,,
unk,Human Brain Cell Atlas v1.0,Supercluster: Eccentric medium spiny neuron,,40144,,,Siletti,Science,2023.0,10.1126/science.add7046,https://cellxgene.cziscience.com/collections/283d65eb-dd53-496d-adb7-7570c7caa443,https://cellxgene.cziscience.com/e/e6b2ce27-681b-4409-a053-2681875936e5.cxg/,Brodmann (1909) area 13 | Brodmann (1909) area 14 | Brodmann (1909) area 24 | Brodmann (1909) area 25 | Brodmann (1909) area 40 | Brodmann (1909) area 43 | Brodmann (1909) area 46 | accessory basal amygdaloid nucleus | agranular insular cortex | anterior cortical amygdaloid nucleus | anterior nuclear group | anterior olfactory nucleus | basolateral amygdaloid nuclear complex | bed nucleus of stria terminalis | body of caudate nucleus | central amygdaloid nucleus | claustrum of brain | corticomedial nuclear complex | dentate gyrus of hippocampal formation | epithalamus | globus pallidus | granular insular cortex | hippocampal field | hypothalamus | inferior frontal gyrus | lateral amygdaloid nucleus | lateral entorhinal cortex | lateral geniculate body | lateral nuclear group of thalamus | lateral posterior nucleus of thalamus | medial dorsal nucleus of thalamus | medial entorhinal cortex | nucleus accumbens | perirhinal cortex | piriform cortex | preoptic area | primary auditory cortex | primary motor cortex | putamen | septal nuclear complex | substantia innominata | substantia nigra | superior parietal cortex | superior temporal gyrus | supraoptic nucleus | uncal CA1 | ventral anterior nucleus of thalamus,normal,283d65eb-dd53-496d-adb7-7570c7caa443,36a4e4dd-d0f4-4b4a-bea8-a173ddafb13f,e6b2ce27-681b-4409-a053-2681875936e5,59248c6e-7b3a-4d77-9540-e9d3c9f05473,False,,PUBLIC,Homo sapiens,True,euclidean,True,True,True,https://datasets.cellxgene.cziscience.com/59248c6e-7b3a-4d77-9540-e9d3c9f05473.h5ad,UBERON:0013544 | UBERON:0013545 | UBERON:0006101 | UBERON:0013556 | UBERON:0013573 | UBERON:0013561 | UBERON:0006483 | UBERON:0002885 | UBERON:0034893 | UBERON:0034991 | UBERON:0002788 | UBERON:0002266 | UBERON:0006107 | UBERON:0001880 | UBERON:0002630 | UBERON:0002883 | UBERON:0002023 | UBERON:0006108 | UBERON:0001885 | UBERON:0001899 | UBERON:0001875 | UBERON:0034892 | UBERON:0003876 | UBERON:0001898 | UBERON:0002998 | UBERON:0002886 | UBERON:0007225 | UBERON:0001926 | UBERON:0002736 | UBERON:0002983 | UBERON:0002739 | UBERON:0007224 | UBERON:0001882 | UBERON:0006083 | UBERON:0004725 | UBERON:0001928 | UBERON:0034751 | UBERON:0001384 | UBERON:0001874 | UBERON:0002663 | UBERON:0003017 | UBERON:0002038 | UBERON:0006094 | UBERON:0002769 | UBERON:0001929 | UBERON:0034774 | UBERON:0002637,,,PATO:0000461,,,,,,,,,,
unk,Human Brain Cell Atlas v1.0,Supercluster: MGE interneuron,,222434,,,Siletti,Science,2023.0,10.1126/science.add7046,https://cellxgene.cziscience.com/collections/283d65eb-dd53-496d-adb7-7570c7caa443,https://cellxgene.cziscience.com/e/e4710a02-8abc-48d5-a3e8-9ae7e9d79bdb.cxg/,Brodmann (1909) area 13 | Brodmann (1909) area 14 | Brodmann (1909) area 19 | Brodmann (1909) area 23 | Brodmann (1909) area 24 | Brodmann (1909) area 25 | Brodmann (1909) area 32 | Brodmann (1909) area 38 | Brodmann (1909) area 40 | Brodmann (1909) area 43 | Brodmann (1909) area 46 | accessory basal amygdaloid nucleus | agranular insular cortex | anterior cortical amygdaloid nucleus | anterior nuclear group | anterior olfactory nucleus | basolateral amygdaloid nuclear complex | bed nucleus of stria terminalis | body of caudate nucleus | central amygdaloid nucleus | centromedian nucleus of thalamus | cerebellar nuclear complex | claustrum of brain | corticomedial nuclear complex | cuneus cortex | dentate gyrus of hippocampal formation | epithalamus | extrastriate cortex | globus pallidus | granular insular cortex | gray matter of midbrain | hippocampal field | hypothalamus | inferior frontal gyrus | inferior olivary complex | inferior temporal gyrus | intralaminar nuclear group | lateral amygdaloid nucleus | lateral entorhinal cortex | lateral geniculate body | lateral nuclear group of thalamus | lateral posterior nucleus of thalamus | mammillary body | medial dorsal nucleus of thalamus | medial entorhinal cortex | medial geniculate body | medial zone of hypothalamus | median tuberal portion | midbrain tectum | middle temporal gyrus | nucleus accumbens | nucleus of dorsal thalamus | nucleus of medulla oblongata | parabrachial nucleus | perirhinal cortex | piriform cortex | pontine nuclear group | posterior parahippocampal gyrus | preoptic area | pretectal region | primary auditory cortex | primary motor cortex | primary somatosensory cortex | primary visual cortex | pulvinar nucleus | putamen | red nucleus | retrosplenial region | rostral CA3 | septal nuclear complex | subicular complex | substantia innominata | substantia nigra | subthalamic nucleus | superior parietal cortex | superior temporal gyrus | supraoptic nucleus | temporal fusiform gyrus | uncal CA1 | ventral anterior nucleus of thalamus,normal,283d65eb-dd53-496d-adb7-7570c7caa443,36a4e4dd-d0f4-4b4a-bea8-a173ddafb13f,e4710a02-8abc-48d5-a3e8-9ae7e9d79bdb,3d605018-ad96-456a-848b-2841bf0dc338,False,,PUBLIC,Homo sapiens,True,euclidean,True,True,True,https://datasets.cellxgene.cziscience.com/3d605018-ad96-456a-848b-2841bf0dc338.h5ad,UBERON:0013544 | UBERON:0013545 | UBERON:0013550 | UBERON:0013554 | UBERON:0006101 | UBERON:0013556 | UBERON:0013560 | UBERON:0006479 | UBERON:0013573 | UBERON:0013561 | UBERON:0006483 | UBERON:0002885 | UBERON:0034893 | UBERON:0034991 | UBERON:0002788 | UBERON:0002266 | UBERON:0006107 | UBERON:0001880 | UBERON:0002630 | UBERON:0002883 | UBERON:0002972 | UBERON:0002130 | UBERON:0002023 | UBERON:0006108 | UBERON:0006092 | UBERON:0001885 | UBERON:0001899 | UBERON:0014370 | UBERON:0001875 | UBERON:0034892 | UBERON:0019267 | UBERON:0003876 | UBERON:0001898 | UBERON:0002998 | UBERON:0002127 | UBERON:0002751 | UBERON:0002733 | UBERON:0002886 | UBERON:0007225 | UBERON:0001926 | UBERON:0002736 | UBERON:0002983 | UBERON:0002206 | UBERON:0002739 | UBERON:0007224 | UBERON:0001927 | UBERON:0002272 | UBERON:2000392 | UBERON:0002314 | UBERON:0002771 | UBERON:0001882 | UBERON:0015233 | UBERON:0007635 | UBERON:0007634 | UBERON:0006083 | UBERON:0004725 | UBERON:0002151 | UBERON:0002657 | UBERON:0001928 | UBERON:0001944 | UBERON:0034751 | UBERON:0001384 | UBERON:0008933 | UBERON:0002436 | UBERON:0002981 | UBERON:0001874 | UBERON:0001947 | UBERON:0013531 | UBERON:0034779 | UBERON:0002663 | UBERON:0023787 | UBERON:0003017 | UBERON:0002038 | UBERON:0001906 | UBERON:0006094 | UBERON:0002769 | UBERON:0001929 | UBERON:0022395 | UBERON:0034774 | UBERON:0002637,,,PATO:0000461,,,,,,,,,,
unk,Human Brain Cell Atlas v1.0,Supercluster: Choroid plexus,,7689,,,Siletti,Science,2023.0,10.1126/science.add7046,https://cellxgene.cziscience.com/collections/283d65eb-dd53-496d-adb7-7570c7caa443,https://cellxgene.cziscience.com/e/cfa755c1-48c5-4336-94f4-aa95eca4fbd5.cxg/,anterior nuclear group | cerebellar nuclear complex | dentate gyrus of hippocampal formation | hippocampal field | hypothalamus | intralaminar nuclear group | lateral geniculate body | mammillary body | midbrain nucleus | midbrain tectum | nucleus of dorsal thalamus | nucleus of medulla oblongata | pontine reticular formation | pontine tegmentum | primary motor cortex | pulvinar nucleus | septal nuclear complex | spinal cord | superior parietal cortex | superior temporal gyrus,normal,283d65eb-dd53-496d-adb7-7570c7caa443,36a4e4dd-d0f4-4b4a-bea8-a173ddafb13f,cfa755c1-48c5-4336-94f4-aa95eca4fbd5,9a3a5e91-a599-407a-9cad-a4293c0bdf37,False,,PUBLIC,Homo sapiens,True,euclidean,True,True,True,https://datasets.cellxgene.cziscience.com/9a3a5e91-a599-407a-9cad-a4293c0bdf37.h5ad,UBERON:0002788 | UBERON:0002130 | UBERON:0001885 | UBERON:0003876 | UBERON:0001898 | UBERON:0002733 | UBERON:0001926 | UBERON:0002206 | UBERON:0009661 | UBERON:0002314 | UBERON:0015233 | UBERON:0007635 | UBERON:0002573 | UBERON:0003023 | UBERON:0001384 | UBERON:0002981 | UBERON:0002663 | UBERON:0002240 | UBERON:0006094 | UBERON:0002769,,,PATO:0000461,,,,,,,,,,
unk,Human Brain Cell Atlas v1.0,Supercluster: Deep-layer corticothalamic and 6b,,78396,,,Siletti,Science,2023.0,10.1126/science.add7046,https://cellxgene.cziscience.com/collections/283d65eb-dd53-496d-adb7-7570c7caa443,https://cellxgene.cziscience.com/e/caf8670f-e647-4f0c-bfba-163aa84ce602.cxg/,Brodmann (1909) area 13 | Brodmann (1909) area 14 | Brodmann (1909) area 19 | Brodmann (1909) area 23 | Brodmann (1909) area 24 | Brodmann (1909) area 25 | Brodmann (1909) area 32 | Brodmann (1909) area 38 | Brodmann (1909) area 40 | Brodmann (1909) area 43 | Brodmann (1909) area 46 | accessory basal amygdaloid nucleus | agranular insular cortex | anterior cortical amygdaloid nucleus | anterior olfactory nucleus | basolateral amygdaloid nuclear complex | bed nucleus of stria terminalis | central amygdaloid nucleus | claustrum of brain | corticomedial nuclear complex | cuneus cortex | dentate gyrus of hippocampal formation | epithalamus | extrastriate cortex | globus pallidus | granular insular cortex | gray matter of midbrain | hippocampal field | inferior frontal gyrus | inferior temporal gyrus | intralaminar nuclear group | lateral amygdaloid nucleus | lateral entorhinal cortex | lateral geniculate body | lateral posterior nucleus of thalamus | mammillary body | medial entorhinal cortex | medial zone of hypothalamus | midbrain tectum | middle temporal gyrus | nucleus accumbens | perirhinal cortex | piriform cortex | posterior parahippocampal gyrus | preoptic area | pretectal region | primary auditory cortex | primary motor cortex | primary somatosensory cortex | primary visual cortex | putamen | red nucleus | retrosplenial region | septal nuclear complex | subicular complex | substantia innominata | substantia nigra | subthalamic nucleus | superior parietal cortex | superior temporal gyrus | supraoptic nucleus | temporal fusiform gyrus | uncal CA1 | ventral anterior nucleus of thalamus,normal,283d65eb-dd53-496d-adb7-7570c7caa443,36a4e4dd-d0f4-4b4a-bea8-a173ddafb13f,caf8670f-e647-4f0c-bfba-163aa84ce602,5d75259a-9a43-45b2-853b-0b2134b99866,False,,PUBLIC,Homo sapiens,True,euclidean,True,True,True,https://datasets.cellxgene.cziscience.com/5d75259a-9a43-45b2-853b-0b2134b99866.h5ad,UBERON:0013544 | UBERON:0013545 | UBERON:0013550 | UBERON:0013554 | UBERON:0006101 | UBERON:0013556 | UBERON:0013560 | UBERON:0006479 | UBERON:0013573 | UBERON:0013561 | UBERON:0006483 | UBERON:0002885 | UBERON:0034893 | UBERON:0034991 | UBERON:0002266 | UBERON:0006107 | UBERON:0001880 | UBERON:0002883 | UBERON:0002023 | UBERON:0006108 | UBERON:0006092 | UBERON:0001885 | UBERON:0001899 | UBERON:0014370 | UBERON:0001875 | UBERON:0034892 | UBERON:0019267 | UBERON:0003876 | UBERON:0002998 | UBERON:0002751 | UBERON:0002733 | UBERON:0002886 | UBERON:0007225 | UBERON:0001926 | UBERON:0002983 | UBERON:0002206 | UBERON:0007224 | UBERON:0002272 | UBERON:0002314 | UBERON:0002771 | UBERON:0001882 | UBERON:0006083 | UBERON:0004725 | UBERON:0002657 | UBERON:0001928 | UBERON:0001944 | UBERON:0034751 | UBERON:0001384 | UBERON:0008933 | UBERON:0002436 | UBERON:0001874 | UBERON:0001947 | UBERON:0013531 | UBERON:0002663 | UBERON:0023787 | UBERON:0003017 | UBERON:0002038 | UBERON:0001906 | UBERON:0006094 | UBERON:0002769 | UBERON:0001929 | UBERON:0022395 | UBERON:0034774 | UBERON:0002637,,,PATO:0000461,,,,,,,,,,
unk,Human Brain Cell Atlas v1.0,Dissection: Cerebral cortex (Cx) - Gyrus rectus (ReG) - Medial orbitofrontal cortex - A14,,14352,,,Siletti,Science,2023.0,10.1126/science.add7046,https://cellxgene.cziscience.com/collections/283d65eb-dd53-496d-adb7-7570c7caa443,https://cellxgene.cziscience.com/e/c7856243-c59a-4b70-8ce7-25b94c2d9da1.cxg/,Brodmann (1909) area 14,normal,283d65eb-dd53-496d-adb7-7570c7caa443,36a4e4dd-d0f4-4b4a-bea8-a173ddafb13f,c7856243-c59a-4b70-8ce7-25b94c2d9da1,91e7c815-aa7c-4d7e-a3fe-6027c903325a,False,,PUBLIC,Homo sapiens,True,euclidean,True,True,True,https://datasets.cellxgene.cziscience.com/91e7c815-aa7c-4d7e-a3fe-6027c903325a.h5ad,UBERON:0013545,,,PATO:0000461,,,,,,,,,,
unk,Human Brain Cell Atlas v1.0,Supercluster: Medium spiny neuron,,152189,,,Siletti,Science,2023.0,10.1126/science.add7046,https://cellxgene.cziscience.com/collections/283d65eb-dd53-496d-adb7-7570c7caa443,https://cellxgene.cziscience.com/e/c4b03352-af8d-492a-8d6b-40f304e0a122.cxg/,Brodmann (1909) area 13 | Brodmann (1909) area 24 | Brodmann (1909) area 25 | Brodmann (1909) area 38 | accessory basal amygdaloid nucleus | agranular insular cortex | anterior cortical amygdaloid nucleus | anterior nuclear group | anterior olfactory nucleus | basolateral amygdaloid nuclear complex | bed nucleus of stria terminalis | body of caudate nucleus | central amygdaloid nucleus | cerebellar nuclear complex | claustrum of brain | corticomedial nuclear complex | dentate gyrus of hippocampal formation | globus pallidus | granular insular cortex | gray matter of midbrain | hippocampal field | hypothalamus | lateral amygdaloid nucleus | lateral geniculate body | lateral nuclear group of thalamus | lateral posterior nucleus of thalamus | mammillary body | medial entorhinal cortex | middle temporal gyrus | nucleus accumbens | perirhinal cortex | piriform cortex | preoptic area | pretectal region | primary auditory cortex | primary motor cortex | pulvinar nucleus | putamen | septal nuclear complex | substantia innominata | substantia nigra | superior temporal gyrus | supraoptic nucleus | uncal CA1 | ventral anterior nucleus of thalamus,normal,283d65eb-dd53-496d-adb7-7570c7caa443,36a4e4dd-d0f4-4b4a-bea8-a173ddafb13f,c4b03352-af8d-492a-8d6b-40f304e0a122,30cac3e5-8618-4132-9a77-bceeb8233c04,False,,PUBLIC,Homo sapiens,True,euclidean,True,True,True,https://datasets.cellxgene.cziscience.com/30cac3e5-8618-4132-9a77-bceeb8233c04.h5ad,UBERON:0013544 | UBERON:0006101 | UBERON:0013556 | UBERON:0006479 | UBERON:0002885 | UBERON:0034893 | UBERON:0034991 | UBERON:0002788 | UBERON:0002266 | UBERON:0006107 | UBERON:0001880 | UBERON:0002630 | UBERON:0002883 | UBERON:0002130 | UBERON:0002023 | UBERON:0006108 | UBERON:0001885 | UBERON:0001875 | UBERON:0034892 | UBERON:0019267 | UBERON:0003876 | UBERON:0001898 | UBERON:0002886 | UBERON:0001926 | UBERON:0002736 | UBERON:0002983 | UBERON:0002206 | UBERON:0007224 | UBERON:0002771 | UBERON:0001882 | UBERON:0006083 | UBERON:0004725 | UBERON:0001928 | UBERON:0001944 | UBERON:0034751 | UBERON:0001384 | UBERON:0002981 | UBERON:0001874 | UBERON:0002663 | UBERON:0003017 | UBERON:0002038 | UBERON:0002769 | UBERON:0001929 | UBERON:0034774 | UBERON:0002637,,,PATO:0000461,,,,,,,,,,
unk,Human Brain Cell Atlas v1.0,Supercluster: Amygdala excitatory,,109452,,,Siletti,Science,2023.0,10.1126/science.add7046,https://cellxgene.cziscience.com/collections/283d65eb-dd53-496d-adb7-7570c7caa443,https://cellxgene.cziscience.com/e/c202b243-1aa1-4b16-bc9a-b36241f3b1e3.cxg/,Brodmann (1909) area 24 | Brodmann (1909) area 25 | Brodmann (1909) area 35 | Brodmann (1909) area 38 | Brodmann (1909) area 40 | Brodmann (1909) area 43 | accessory basal amygdaloid nucleus | agranular insular cortex | anterior cortical amygdaloid nucleus | anterior nuclear group | anterior olfactory nucleus | basolateral amygdaloid nuclear complex | bed nucleus of stria terminalis | central amygdaloid nucleus | claustrum of brain | corticomedial nuclear complex | dentate gyrus of hippocampal formation | globus pallidus | gray matter of midbrain | hippocampal field | hypothalamus | lateral amygdaloid nucleus | lateral entorhinal cortex | lateral nuclear group of thalamus | mammillary body | medial dorsal nucleus of thalamus | medial entorhinal cortex | medial geniculate body | median tuberal portion | midbrain tectum | middle temporal gyrus | nucleus accumbens | parabrachial nucleus | perirhinal cortex | piriform cortex | pontine tegmentum | posterior parahippocampal gyrus | preoptic area | pretectal region | primary auditory cortex | primary motor cortex | primary somatosensory cortex | putamen | rostral CA3 | septal nuclear complex | subicular complex | substantia innominata | substantia nigra | superior temporal gyrus | supraoptic nucleus | uncal CA1 | ventral anterior nucleus of thalamus,normal,283d65eb-dd53-496d-adb7-7570c7caa443,36a4e4dd-d0f4-4b4a-bea8-a173ddafb13f,c202b243-1aa1-4b16-bc9a-b36241f3b1e3,c81ddf79-09ce-4d75-a991-f9275484878f,False,,PUBLIC,Homo sapiens,True,euclidean,True,True,True,https://datasets.cellxgene.cziscience.com/c81ddf79-09ce-4d75-a991-f9275484878f.h5ad,UBERON:0006101 | UBERON:0013556 | UBERON:0006102 | UBERON:0006479 | UBERON:0013573 | UBERON:0013561 | UBERON:0002885 | UBERON:0034893 | UBERON:0034991 | UBERON:0002788 | UBERON:0002266 | UBERON:0006107 | UBERON:0001880 | UBERON:0002883 | UBERON:0002023 | UBERON:0006108 | UBERON:0001885 | UBERON:0001875 | UBERON:0019267 | UBERON:0003876 | UBERON:0001898 | UBERON:0002886 | UBERON:0007225 | UBERON:0002736 | UBERON:0002206 | UBERON:0002739 | UBERON:0007224 | UBERON:0001927 | UBERON:2000392 | UBERON:0002314 | UBERON:0002771 | UBERON:0001882 | UBERON:0007634 | UBERON:0006083 | UBERON:0004725 | UBERON:0003023 | UBERON:0002657 | UBERON:0001928 | UBERON:0001944 | UBERON:0034751 | UBERON:0001384 | UBERON:0008933 | UBERON:0001874 | UBERON:0034779 | UBERON:0002663 | UBERON:0023787 | UBERON:0003017 | UBERON:0002038 | UBERON:0002769 | UBERON:0001929 | UBERON:0034774 | UBERON:0002637,,,PATO:0000461,,,,,,,,,,
unk,Human Brain Cell Atlas v1.0,Supercluster: CGE interneuron,,227671,,,Siletti,Science,2023.0,10.1126/science.add7046,https://cellxgene.cziscience.com/collections/283d65eb-dd53-496d-adb7-7570c7caa443,https://cellxgene.cziscience.com/e/bdb26abd-f4ba-4ea3-8862-c2340e7a4f55.cxg/,Brodmann (1909) area 13 | Brodmann (1909) area 14 | Brodmann (1909) area 19 | Brodmann (1909) area 23 | Brodmann (1909) area 24 | Brodmann (1909) area 25 | Brodmann (1909) area 32 | Brodmann (1909) area 38 | Brodmann (1909) area 40 | Brodmann (1909) area 43 | Brodmann (1909) area 46 | accessory basal amygdaloid nucleus | agranular insular cortex | anterior cortical amygdaloid nucleus | anterior nuclear group | anterior olfactory nucleus | basolateral amygdaloid nuclear complex | bed nucleus of stria terminalis | body of caudate nucleus | central amygdaloid nucleus | centromedian nucleus of thalamus | claustrum of brain | corticomedial nuclear complex | cuneus cortex | dentate gyrus of hippocampal formation | dorsal tegmental nucleus | epithalamus | extrastriate cortex | globus pallidus | granular insular cortex | gray matter of midbrain | hippocampal field | hypothalamus | inferior frontal gyrus | inferior olivary complex | inferior temporal gyrus | intralaminar nuclear group | lateral amygdaloid nucleus | lateral entorhinal cortex | lateral geniculate body | lateral nuclear group of thalamus | lateral posterior nucleus of thalamus | mammillary body | medial dorsal nucleus of thalamus | medial entorhinal cortex | medial geniculate body | medial zone of hypothalamus | median tuberal portion | midbrain nucleus | midbrain tectum | middle temporal gyrus | nucleus accumbens | nucleus of dorsal thalamus | nucleus of medulla oblongata | parabrachial nucleus | perirhinal cortex | piriform cortex | pontine nuclear group | pontine reticular formation | pontine tegmentum | posterior parahippocampal gyrus | preoptic area | pretectal region | primary auditory cortex | primary motor cortex | primary somatosensory cortex | primary visual cortex | pulvinar nucleus | putamen | red nucleus | retrosplenial region | rostral CA3 | septal nuclear complex | spinal cord | subicular complex | substantia innominata | substantia nigra | subthalamic nucleus | superior parietal cortex | superior temporal gyrus | supraoptic nucleus | temporal fusiform gyrus | uncal CA1 | ventral anterior nucleus of thalamus,normal,283d65eb-dd53-496d-adb7-7570c7caa443,36a4e4dd-d0f4-4b4a-bea8-a173ddafb13f,bdb26abd-f4ba-4ea3-8862-c2340e7a4f55,98f94301-6b7c-4dfa-a7a1-c6e27a62dfaf,False,,PUBLIC,Homo sapiens,True,euclidean,True,True,True,https://datasets.cellxgene.cziscience.com/98f94301-6b7c-4dfa-a7a1-c6e27a62dfaf.h5ad,UBERON:0013544 | UBERON:0013545 | UBERON:0013550 | UBERON:0013554 | UBERON:0006101 | UBERON:0013556 | UBERON:0013560 | UBERON:0006479 | UBERON:0013573 | UBERON:0013561 | UBERON:0006483 | UBERON:0002885 | UBERON:0034893 | UBERON:0034991 | UBERON:0002788 | UBERON:0002266 | UBERON:0006107 | UBERON:0001880 | UBERON:0002630 | UBERON:0002883 | UBERON:0002972 | UBERON:0002023 | UBERON:0006108 | UBERON:0006092 | UBERON:0001885 | UBERON:0002143 | UBERON:0001899 | UBERON:0014370 | UBERON:0001875 | UBERON:0034892 | UBERON:0019267 | UBERON:0003876 | UBERON:0001898 | UBERON:0002998 | UBERON:0002127 | UBERON:0002751 | UBERON:0002733 | UBERON:0002886 | UBERON:0007225 | UBERON:0001926 | UBERON:0002736 | UBERON:0002983 | UBERON:0002206 | UBERON:0002739 | UBERON:0007224 | UBERON:0001927 | UBERON:0002272 | UBERON:2000392 | UBERON:0009661 | UBERON:0002314 | UBERON:0002771 | UBERON:0001882 | UBERON:0015233 | UBERON:0007635 | UBERON:0007634 | UBERON:0006083 | UBERON:0004725 | UBERON:0002151 | UBERON:0002573 | UBERON:0003023 | UBERON:0002657 | UBERON:0001928 | UBERON:0001944 | UBERON:0034751 | UBERON:0001384 | UBERON:0008933 | UBERON:0002436 | UBERON:0002981 | UBERON:0001874 | UBERON:0001947 | UBERON:0013531 | UBERON:0034779 | UBERON:0002663 | UBERON:0002240 | UBERON:0023787 | UBERON:0003017 | UBERON:0002038 | UBERON:0001906 | UBERON:0006094 | UBERON:0002769 | UBERON:0001929 | UBERON:0022395 | UBERON:0034774 | UBERON:0002637,,,PATO:0000461,,,,,,,,,,
unk,Human Brain Cell Atlas v1.0,Supercluster: Cerebellar inhibitory,,14411,,,Siletti,Science,2023.0,10.1126/science.add7046,https://cellxgene.cziscience.com/collections/283d65eb-dd53-496d-adb7-7570c7caa443,https://cellxgene.cziscience.com/e/bd6b68e8-179a-42f0-9bde-b4fdf7d34dd1.cxg/,bed nucleus of stria terminalis | cerebellar nuclear complex | cerebellar vermis | cerebrocerebellum | dorsal tegmental nucleus | epithalamus | extrastriate cortex | globus pallidus | gray matter of midbrain | hypothalamus | inferior olivary complex | lateral geniculate body | mammillary body | medial dorsal nucleus of thalamus | medial zone of hypothalamus | midbrain nucleus | midbrain tectum | nucleus of medulla oblongata | parabrachial nucleus | pontine nuclear group | pontine reticular formation | pontine tegmentum | posterior parahippocampal gyrus | pretectal region | primary motor cortex | red nucleus | septal nuclear complex | spinal cord | substantia innominata | substantia nigra,normal,283d65eb-dd53-496d-adb7-7570c7caa443,36a4e4dd-d0f4-4b4a-bea8-a173ddafb13f,bd6b68e8-179a-42f0-9bde-b4fdf7d34dd1,ad4355ed-4d8c-47ad-8c26-9d7b72eba69d,False,,PUBLIC,Homo sapiens,True,euclidean,True,True,True,https://datasets.cellxgene.cziscience.com/ad4355ed-4d8c-47ad-8c26-9d7b72eba69d.h5ad,UBERON:0001880 | UBERON:0002130 | UBERON:0004720 | UBERON:0014644 | UBERON:0002143 | UBERON:0001899 | UBERON:0014370 | UBERON:0001875 | UBERON:0019267 | UBERON:0001898 | UBERON:0002127 | UBERON:0001926 | UBERON:0002206 | UBERON:0002739 | UBERON:0002272 | UBERON:0009661 | UBERON:0002314 | UBERON:0007635 | UBERON:0007634 | UBERON:0002151 | UBERON:0002573 | UBERON:0003023 | UBERON:0002657 | UBERON:0001944 | UBERON:0001384 | UBERON:0001947 | UBERON:0002663 | UBERON:0002240 | UBERON:0003017 | UBERON:0002038,,,PATO:0000461,,,,,,,,,,
unk,Human Brain Cell Atlas v1.0,All non-neuronal cells,,888263,,,Siletti,Science,2023.0,10.1126/science.add7046,https://cellxgene.cziscience.com/collections/283d65eb-dd53-496d-adb7-7570c7caa443,https://cellxgene.cziscience.com/e/b165f033-9dec-468a-9248-802fc6902a74.cxg/,Brodmann (1909) area 13 | Brodmann (1909) area 14 | Brodmann (1909) area 19 | Brodmann (1909) area 23 | Brodmann (1909) area 24 | Brodmann (1909) area 25 | Brodmann (1909) area 32 | Brodmann (1909) area 35 | Brodmann (1909) area 38 | Brodmann (1909) area 40 | Brodmann (1909) area 43 | Brodmann (1909) area 46 | accessory basal amygdaloid nucleus | agranular insular cortex | anterior cortical amygdaloid nucleus | anterior nuclear group | anterior olfactory nucleus | basolateral amygdaloid nuclear complex | bed nucleus of stria terminalis | body of caudate nucleus | central amygdaloid nucleus | centromedian nucleus of thalamus | cerebellar nuclear complex | cerebellar vermis | cerebrocerebellum | claustrum of brain | corticomedial nuclear complex | cuneus cortex | dentate gyrus of hippocampal formation | dorsal tegmental nucleus | epithalamus | extrastriate cortex | globus pallidus | granular insular cortex | gray matter of midbrain | hippocampal field | hypothalamus | inferior frontal gyrus | inferior olivary complex | inferior temporal gyrus | intralaminar nuclear group | lateral amygdaloid nucleus | lateral entorhinal cortex | lateral geniculate body | lateral nuclear group of thalamus | lateral posterior nucleus of thalamus | mammillary body | medial dorsal nucleus of thalamus | medial entorhinal cortex | medial geniculate body | medial zone of hypothalamus | median tuberal portion | midbrain nucleus | midbrain tectum | middle temporal gyrus | nucleus accumbens | nucleus of dorsal thalamus | nucleus of medulla oblongata | parabrachial nucleus | perirhinal cortex | piriform cortex | pontine nuclear group | pontine reticular formation | pontine tegmentum | posterior parahippocampal gyrus | preoptic area | pretectal region | primary auditory cortex | primary motor cortex | primary somatosensory cortex | primary visual cortex | pulvinar nucleus | putamen | red nucleus | retrosplenial region | rostral CA3 | septal nuclear complex | spinal cord | subicular complex | substantia innominata | substantia nigra | subthalamic nucleus | superior parietal cortex | superior temporal gyrus | supraoptic nucleus | temporal fusiform gyrus | uncal CA1 | ventral anterior nucleus of thalamus,normal,283d65eb-dd53-496d-adb7-7570c7caa443,36a4e4dd-d0f4-4b4a-bea8-a173ddafb13f,b165f033-9dec-468a-9248-802fc6902a74,039472a3-8d05-4309-a494-9f02af48398e,False,,PUBLIC,Homo sapiens,True,euclidean,True,True,True,https://datasets.cellxgene.cziscience.com/039472a3-8d05-4309-a494-9f02af48398e.h5ad,UBERON:0013544 | UBERON:0013545 | UBERON:0013550 | UBERON:0013554 | UBERON:0006101 | UBERON:0013556 | UBERON:0013560 | UBERON:0006102 | UBERON:0006479 | UBERON:0013573 | UBERON:0013561 | UBERON:0006483 | UBERON:0002885 | UBERON:0034893 | UBERON:0034991 | UBERON:0002788 | UBERON:0002266 | UBERON:0006107 | UBERON:0001880 | UBERON:0002630 | UBERON:0002883 | UBERON:0002972 | UBERON:0002130 | UBERON:0004720 | UBERON:0014644 | UBERON:0002023 | UBERON:0006108 | UBERON:0006092 | UBERON:0001885 | UBERON:0002143 | UBERON:0001899 | UBERON:0014370 | UBERON:0001875 | UBERON:0034892 | UBERON:0019267 | UBERON:0003876 | UBERON:0001898 | UBERON:0002998 | UBERON:0002127 | UBERON:0002751 | UBERON:0002733 | UBERON:0002886 | UBERON:0007225 | UBERON:0001926 | UBERON:0002736 | UBERON:0002983 | UBERON:0002206 | UBERON:0002739 | UBERON:0007224 | UBERON:0001927 | UBERON:0002272 | UBERON:2000392 | UBERON:0009661 | UBERON:0002314 | UBERON:0002771 | UBERON:0001882 | UBERON:0015233 | UBERON:0007635 | UBERON:0007634 | UBERON:0006083 | UBERON:0004725 | UBERON:0002151 | UBERON:0002573 | UBERON:0003023 | UBERON:0002657 | UBERON:0001928 | UBERON:0001944 | UBERON:0034751 | UBERON:0001384 | UBERON:0008933 | UBERON:0002436 | UBERON:0002981 | UBERON:0001874 | UBERON:0001947 | UBERON:0013531 | UBERON:0034779 | UBERON:0002663 | UBERON:0002240 | UBERON:0023787 | UBERON:0003017 | UBERON:0002038 | UBERON:0001906 | UBERON:0006094 | UBERON:0002769 | UBERON:0001929 | UBERON:0022395 | UBERON:0034774 | UBERON:0002637,,,PATO:0000461,,,,,,,,,,
unk,Human Brain Cell Atlas v1.0,"Dissection: Cerebral cortex (Cx) - Cingulate gyrus, retrosplenial (CgGrs) - A29-A30",,34078,,,Siletti,Science,2023.0,10.1126/science.add7046,https://cellxgene.cziscience.com/collections/283d65eb-dd53-496d-adb7-7570c7caa443,https://cellxgene.cziscience.com/e/a84face4-eb30-4f43-994f-c6a13a097808.cxg/,retrosplenial region,normal,283d65eb-dd53-496d-adb7-7570c7caa443,36a4e4dd-d0f4-4b4a-bea8-a173ddafb13f,a84face4-eb30-4f43-994f-c6a13a097808,680d1013-c769-4eec-a057-79ebfc841dec,False,,PUBLIC,Homo sapiens,True,euclidean,True,True,True,https://datasets.cellxgene.cziscience.com/680d1013-c769-4eec-a057-79ebfc841dec.h5ad,UBERON:0013531,,,PATO:0000461,,,,,,,,,,
unk,Human Brain Cell Atlas v1.0,Supercluster: Hippocampal dentate gyrus,,67533,,,Siletti,Science,2023.0,10.1126/science.add7046,https://cellxgene.cziscience.com/collections/283d65eb-dd53-496d-adb7-7570c7caa443,https://cellxgene.cziscience.com/e/a56f1a6b-071c-4780-9832-33ca9b8fb391.cxg/,dentate gyrus of hippocampal formation | hippocampal field | lateral geniculate body | medial geniculate body | middle temporal gyrus | primary auditory cortex | primary motor cortex | pulvinar nucleus | rostral CA3 | subicular complex | substantia nigra | subthalamic nucleus,normal,283d65eb-dd53-496d-adb7-7570c7caa443,36a4e4dd-d0f4-4b4a-bea8-a173ddafb13f,a56f1a6b-071c-4780-9832-33ca9b8fb391,49371d50-9cb9-4699-868b-d8f1c9dbf127,False,,PUBLIC,Homo sapiens,True,euclidean,True,True,True,https://datasets.cellxgene.cziscience.com/49371d50-9cb9-4699-868b-d8f1c9dbf127.h5ad,UBERON:0001885 | UBERON:0003876 | UBERON:0001926 | UBERON:0001927 | UBERON:0002771 | UBERON:0034751 | UBERON:0001384 | UBERON:0002981 | UBERON:0034779 | UBERON:0023787 | UBERON:0002038 | UBERON:0001906,,,PATO:0000461,,,,,,,,,,
unk,Human Brain Cell Atlas v1.0,Supercluster: Hippocampal CA4,,10654,,,Siletti,Science,2023.0,10.1126/science.add7046,https://cellxgene.cziscience.com/collections/283d65eb-dd53-496d-adb7-7570c7caa443,https://cellxgene.cziscience.com/e/9ec335f2-420a-45a8-b45a-1ab646e50041.cxg/,bed nucleus of stria terminalis | dentate gyrus of hippocampal formation | hippocampal field | primary motor cortex | pulvinar nucleus | retrosplenial region | rostral CA3 | septal nuclear complex | substantia nigra | uncal CA1,normal,283d65eb-dd53-496d-adb7-7570c7caa443,36a4e4dd-d0f4-4b4a-bea8-a173ddafb13f,9ec335f2-420a-45a8-b45a-1ab646e50041,9d67ef2e-09d9-4145-9f93-ceef377d13c4,False,,PUBLIC,Homo sapiens,True,euclidean,True,True,True,https://datasets.cellxgene.cziscience.com/9d67ef2e-09d9-4145-9f93-ceef377d13c4.h5ad,UBERON:0001880 | UBERON:0001885 | UBERON:0003876 | UBERON:0001384 | UBERON:0002981 | UBERON:0013531 | UBERON:0034779 | UBERON:0002663 | UBERON:0002038 | UBERON:0034774,,,PATO:0000461,,,,,,,,,,
unk,Human Brain Cell Atlas v1.0,Supercluster: Deep-layer intratelencephalic,,228467,,,Siletti,Science,2023.0,10.1126/science.add7046,https://cellxgene.cziscience.com/collections/283d65eb-dd53-496d-adb7-7570c7caa443,https://cellxgene.cziscience.com/e/98113e7e-f586-4065-a26a-60aa702f8d1c.cxg/,Brodmann (1909) area 13 | Brodmann (1909) area 14 | Brodmann (1909) area 19 | Brodmann (1909) area 23 | Brodmann (1909) area 24 | Brodmann (1909) area 25 | Brodmann (1909) area 32 | Brodmann (1909) area 38 | Brodmann (1909) area 40 | Brodmann (1909) area 43 | Brodmann (1909) area 46 | accessory basal amygdaloid nucleus | agranular insular cortex | anterior cortical amygdaloid nucleus | anterior olfactory nucleus | basolateral amygdaloid nuclear complex | bed nucleus of stria terminalis | body of caudate nucleus | central amygdaloid nucleus | cerebrocerebellum | claustrum of brain | corticomedial nuclear complex | cuneus cortex | dentate gyrus of hippocampal formation | epithalamus | extrastriate cortex | globus pallidus | granular insular cortex | gray matter of midbrain | hippocampal field | hypothalamus | inferior frontal gyrus | inferior temporal gyrus | intralaminar nuclear group | lateral amygdaloid nucleus | lateral entorhinal cortex | lateral posterior nucleus of thalamus | mammillary body | medial dorsal nucleus of thalamus | medial entorhinal cortex | medial zone of hypothalamus | midbrain tectum | middle temporal gyrus | nucleus accumbens | perirhinal cortex | piriform cortex | pontine nuclear group | posterior parahippocampal gyrus | pretectal region | primary auditory cortex | primary motor cortex | primary somatosensory cortex | primary visual cortex | pulvinar nucleus | putamen | red nucleus | retrosplenial region | septal nuclear complex | subicular complex | substantia innominata | substantia nigra | subthalamic nucleus | superior parietal cortex | superior temporal gyrus | supraoptic nucleus | temporal fusiform gyrus | uncal CA1 | ventral anterior nucleus of thalamus,normal,283d65eb-dd53-496d-adb7-7570c7caa443,36a4e4dd-d0f4-4b4a-bea8-a173ddafb13f,98113e7e-f586-4065-a26a-60aa702f8d1c,9a4ba995-e83e-409f-afb4-3803ce189f9b,False,,PUBLIC,Homo sapiens,True,euclidean,True,True,True,https://datasets.cellxgene.cziscience.com/9a4ba995-e83e-409f-afb4-3803ce189f9b.h5ad,UBERON:0013544 | UBERON:0013545 | UBERON:0013550 | UBERON:0013554 | UBERON:0006101 | UBERON:0013556 | UBERON:0013560 | UBERON:0006479 | UBERON:0013573 | UBERON:0013561 | UBERON:0006483 | UBERON:0002885 | UBERON:0034893 | UBERON:0034991 | UBERON:0002266 | UBERON:0006107 | UBERON:0001880 | UBERON:0002630 | UBERON:0002883 | UBERON:0014644 | UBERON:0002023 | UBERON:0006108 | UBERON:0006092 | UBERON:0001885 | UBERON:0001899 | UBERON:0014370 | UBERON:0001875 | UBERON:0034892 | UBERON:0019267 | UBERON:0003876 | UBERON:0001898 | UBERON:0002998 | UBERON:0002751 | UBERON:0002733 | UBERON:0002886 | UBERON:0007225 | UBERON:0002983 | UBERON:0002206 | UBERON:0002739 | UBERON:0007224 | UBERON:0002272 | UBERON:0002314 | UBERON:0002771 | UBERON:0001882 | UBERON:0006083 | UBERON:0004725 | UBERON:0002151 | UBERON:0002657 | UBERON:0001944 | UBERON:0034751 | UBERON:0001384 | UBERON:0008933 | UBERON:0002436 | UBERON:0002981 | UBERON:0001874 | UBERON:0001947 | UBERON:0013531 | UBERON:0002663 | UBERON:0023787 | UBERON:0003017 | UBERON:0002038 | UBERON:0001906 | UBERON:0006094 | UBERON:0002769 | UBERON:0001929 | UBERON:0022395 | UBERON:0034774 | UBERON:0002637,,,PATO:0000461,,,,,,,,,,
unk,Human Brain Cell Atlas v1.0,Dissection: Cerebral cortex (Cx) - Short insular gyri - Granular insular cortex - Ig,,38937,,,Siletti,Science,2023.0,10.1126/science.add7046,https://cellxgene.cziscience.com/collections/283d65eb-dd53-496d-adb7-7570c7caa443,https://cellxgene.cziscience.com/e/949ec7fc-ac54-47c9-bb6f-ee9e67688cce.cxg/,granular insular cortex,normal,283d65eb-dd53-496d-adb7-7570c7caa443,36a4e4dd-d0f4-4b4a-bea8-a173ddafb13f,949ec7fc-ac54-47c9-bb6f-ee9e67688cce,f6876e50-9eee-4fae-a017-3983bebf407f,False,,PUBLIC,Homo sapiens,True,euclidean,True,True,True,https://datasets.cellxgene.cziscience.com/f6876e50-9eee-4fae-a017-3983bebf407f.h5ad,UBERON:0034892,,,PATO:0000461,,,,,,,,,,
unk,Human Brain Cell Atlas v1.0,Supercluster: LAMP5-LHX6 and Chandelier,,45118,,,Siletti,Science,2023.0,10.1126/science.add7046,https://cellxgene.cziscience.com/collections/283d65eb-dd53-496d-adb7-7570c7caa443,https://cellxgene.cziscience.com/e/8f48c031-6692-4c82-b6c2-e4ad35cbc0aa.cxg/,Brodmann (1909) area 13 | Brodmann (1909) area 14 | Brodmann (1909) area 19 | Brodmann (1909) area 23 | Brodmann (1909) area 24 | Brodmann (1909) area 25 | Brodmann (1909) area 32 | Brodmann (1909) area 38 | Brodmann (1909) area 40 | Brodmann (1909) area 43 | Brodmann (1909) area 46 | accessory basal amygdaloid nucleus | agranular insular cortex | anterior cortical amygdaloid nucleus | anterior nuclear group | anterior olfactory nucleus | basolateral amygdaloid nuclear complex | bed nucleus of stria terminalis | body of caudate nucleus | central amygdaloid nucleus | centromedian nucleus of thalamus | claustrum of brain | corticomedial nuclear complex | cuneus cortex | dentate gyrus of hippocampal formation | dorsal tegmental nucleus | epithalamus | extrastriate cortex | globus pallidus | granular insular cortex | gray matter of midbrain | hippocampal field | hypothalamus | inferior frontal gyrus | inferior temporal gyrus | intralaminar nuclear group | lateral amygdaloid nucleus | lateral entorhinal cortex | lateral geniculate body | lateral nuclear group of thalamus | lateral posterior nucleus of thalamus | mammillary body | medial dorsal nucleus of thalamus | medial entorhinal cortex | medial geniculate body | medial zone of hypothalamus | median tuberal portion | midbrain tectum | middle temporal gyrus | nucleus accumbens | nucleus of dorsal thalamus | nucleus of medulla oblongata | perirhinal cortex | piriform cortex | pontine nuclear group | pontine tegmentum | posterior parahippocampal gyrus | preoptic area | pretectal region | primary auditory cortex | primary motor cortex | primary somatosensory cortex | primary visual cortex | pulvinar nucleus | putamen | red nucleus | retrosplenial region | rostral CA3 | septal nuclear complex | subicular complex | substantia innominata | substantia nigra | subthalamic nucleus | superior parietal cortex | superior temporal gyrus | supraoptic nucleus | temporal fusiform gyrus | uncal CA1 | ventral anterior nucleus of thalamus,normal,283d65eb-dd53-496d-adb7-7570c7caa443,36a4e4dd-d0f4-4b4a-bea8-a173ddafb13f,8f48c031-6692-4c82-b6c2-e4ad35cbc0aa,f70dbbcf-8d03-40e5-acf3-4562e32e3ad2,False,,PUBLIC,Homo sapiens,True,euclidean,True,True,True,https://datasets.cellxgene.cziscience.com/f70dbbcf-8d03-40e5-acf3-4562e32e3ad2.h5ad,UBERON:0013544 | UBERON:0013545 | UBERON:0013550 | UBERON:0013554 | UBERON:0006101 | UBERON:0013556 | UBERON:0013560 | UBERON:0006479 | UBERON:0013573 | UBERON:0013561 | UBERON:0006483 | UBERON:0002885 | UBERON:0034893 | UBERON:0034991 | UBERON:0002788 | UBERON:0002266 | UBERON:0006107 | UBERON:0001880 | UBERON:0002630 | UBERON:0002883 | UBERON:0002972 | UBERON:0002023 | UBERON:0006108 | UBERON:0006092 | UBERON:0001885 | UBERON:0002143 | UBERON:0001899 | UBERON:0014370 | UBERON:0001875 | UBERON:0034892 | UBERON:0019267 | UBERON:0003876 | UBERON:0001898 | UBERON:0002998 | UBERON:0002751 | UBERON:0002733 | UBERON:0002886 | UBERON:0007225 | UBERON:0001926 | UBERON:0002736 | UBERON:0002983 | UBERON:0002206 | UBERON:0002739 | UBERON:0007224 | UBERON:0001927 | UBERON:0002272 | UBERON:2000392 | UBERON:0002314 | UBERON:0002771 | UBERON:0001882 | UBERON:0015233 | UBERON:0007635 | UBERON:0006083 | UBERON:0004725 | UBERON:0002151 | UBERON:0003023 | UBERON:0002657 | UBERON:0001928 | UBERON:0001944 | UBERON:0034751 | UBERON:0001384 | UBERON:0008933 | UBERON:0002436 | UBERON:0002981 | UBERON:0001874 | UBERON:0001947 | UBERON:0013531 | UBERON:0034779 | UBERON:0002663 | UBERON:0023787 | UBERON:0003017 | UBERON:0002038 | UBERON:0001906 | UBERON:0006094 | UBERON:0002769 | UBERON:0001929 | UBERON:0022395 | UBERON:0034774 | UBERON:0002637,,,PATO:0000461,,,,,,,,,,
unk,Human Brain Cell Atlas v1.0,All neurons,,2480956,,,Siletti,Science,2023.0,10.1126/science.add7046,https://cellxgene.cziscience.com/collections/283d65eb-dd53-496d-adb7-7570c7caa443,https://cellxgene.cziscience.com/e/8e10f1c4-8e98-41e5-b65f-8cd89a887122.cxg/,Brodmann (1909) area 13 | Brodmann (1909) area 14 | Brodmann (1909) area 19 | Brodmann (1909) area 23 | Brodmann (1909) area 24 | Brodmann (1909) area 25 | Brodmann (1909) area 32 | Brodmann (1909) area 35 | Brodmann (1909) area 38 | Brodmann (1909) area 40 | Brodmann (1909) area 43 | Brodmann (1909) area 46 | accessory basal amygdaloid nucleus | agranular insular cortex | anterior cortical amygdaloid nucleus | anterior nuclear group | anterior olfactory nucleus | basolateral amygdaloid nuclear complex | bed nucleus of stria terminalis | body of caudate nucleus | central amygdaloid nucleus | centromedian nucleus of thalamus | cerebellar nuclear complex | cerebellar vermis | cerebrocerebellum | claustrum of brain | corticomedial nuclear complex | cuneus cortex | dentate gyrus of hippocampal formation | dorsal tegmental nucleus | epithalamus | extrastriate cortex | globus pallidus | granular insular cortex | gray matter of midbrain | hippocampal field | hypothalamus | inferior frontal gyrus | inferior olivary complex | inferior temporal gyrus | intralaminar nuclear group | lateral amygdaloid nucleus | lateral entorhinal cortex | lateral geniculate body | lateral nuclear group of thalamus | lateral posterior nucleus of thalamus | mammillary body | medial dorsal nucleus of thalamus | medial entorhinal cortex | medial geniculate body | medial zone of hypothalamus | median tuberal portion | midbrain nucleus | midbrain tectum | middle temporal gyrus | nucleus accumbens | nucleus of dorsal thalamus | nucleus of medulla oblongata | parabrachial nucleus | perirhinal cortex | piriform cortex | pontine nuclear group | pontine reticular formation | pontine tegmentum | posterior parahippocampal gyrus | preoptic area | pretectal region | primary auditory cortex | primary motor cortex | primary somatosensory cortex | primary visual cortex | pulvinar nucleus | putamen | red nucleus | retrosplenial region | rostral CA3 | septal nuclear complex | spinal cord | subicular complex | substantia innominata | substantia nigra | subthalamic nucleus | superior parietal cortex | superior temporal gyrus | supraoptic nucleus | temporal fusiform gyrus | uncal CA1 | ventral anterior nucleus of thalamus,normal,283d65eb-dd53-496d-adb7-7570c7caa443,36a4e4dd-d0f4-4b4a-bea8-a173ddafb13f,8e10f1c4-8e98-41e5-b65f-8cd89a887122,4fac6a01-5618-4a35-8a94-843b1519e88d,False,,PUBLIC,Homo sapiens,True,euclidean,True,True,True,https://datasets.cellxgene.cziscience.com/4fac6a01-5618-4a35-8a94-843b1519e88d.h5ad,UBERON:0013544 | UBERON:0013545 | UBERON:0013550 | UBERON:0013554 | UBERON:0006101 | UBERON:0013556 | UBERON:0013560 | UBERON:0006102 | UBERON:0006479 | UBERON:0013573 | UBERON:0013561 | UBERON:0006483 | UBERON:0002885 | UBERON:0034893 | UBERON:0034991 | UBERON:0002788 | UBERON:0002266 | UBERON:0006107 | UBERON:0001880 | UBERON:0002630 | UBERON:0002883 | UBERON:0002972 | UBERON:0002130 | UBERON:0004720 | UBERON:0014644 | UBERON:0002023 | UBERON:0006108 | UBERON:0006092 | UBERON:0001885 | UBERON:0002143 | UBERON:0001899 | UBERON:0014370 | UBERON:0001875 | UBERON:0034892 | UBERON:0019267 | UBERON:0003876 | UBERON:0001898 | UBERON:0002998 | UBERON:0002127 | UBERON:0002751 | UBERON:0002733 | UBERON:0002886 | UBERON:0007225 | UBERON:0001926 | UBERON:0002736 | UBERON:0002983 | UBERON:0002206 | UBERON:0002739 | UBERON:0007224 | UBERON:0001927 | UBERON:0002272 | UBERON:2000392 | UBERON:0009661 | UBERON:0002314 | UBERON:0002771 | UBERON:0001882 | UBERON:0015233 | UBERON:0007635 | UBERON:0007634 | UBERON:0006083 | UBERON:0004725 | UBERON:0002151 | UBERON:0002573 | UBERON:0003023 | UBERON:0002657 | UBERON:0001928 | UBERON:0001944 | UBERON:0034751 | UBERON:0001384 | UBERON:0008933 | UBERON:0002436 | UBERON:0002981 | UBERON:0001874 | UBERON:0001947 | UBERON:0013531 | UBERON:0034779 | UBERON:0002663 | UBERON:0002240 | UBERON:0023787 | UBERON:0003017 | UBERON:0002038 | UBERON:0001906 | UBERON:0006094 | UBERON:0002769 | UBERON:0001929 | UBERON:0022395 | UBERON:0034774 | UBERON:0002637,,,PATO:0000461,,,,,,,,,,
unk,Human Brain Cell Atlas v1.0,Supercluster: Thalamic excitatory,,85546,,,Siletti,Science,2023.0,10.1126/science.add7046,https://cellxgene.cziscience.com/collections/283d65eb-dd53-496d-adb7-7570c7caa443,https://cellxgene.cziscience.com/e/8ba5453f-7fab-4702-a3a6-4021b1f31a7a.cxg/,accessory basal amygdaloid nucleus | anterior nuclear group | bed nucleus of stria terminalis | central amygdaloid nucleus | centromedian nucleus of thalamus | dentate gyrus of hippocampal formation | epithalamus | globus pallidus | gray matter of midbrain | hypothalamus | intralaminar nuclear group | lateral geniculate body | lateral nuclear group of thalamus | lateral posterior nucleus of thalamus | medial dorsal nucleus of thalamus | medial geniculate body | medial zone of hypothalamus | midbrain nucleus | midbrain tectum | nucleus of dorsal thalamus | piriform cortex | pretectal region | primary motor cortex | pulvinar nucleus | septal nuclear complex | substantia nigra | subthalamic nucleus | ventral anterior nucleus of thalamus,normal,283d65eb-dd53-496d-adb7-7570c7caa443,36a4e4dd-d0f4-4b4a-bea8-a173ddafb13f,8ba5453f-7fab-4702-a3a6-4021b1f31a7a,e9f3c636-da96-47b4-be7c-d13cf62cc6f7,False,,PUBLIC,Homo sapiens,True,euclidean,True,True,True,https://datasets.cellxgene.cziscience.com/e9f3c636-da96-47b4-be7c-d13cf62cc6f7.h5ad,UBERON:0002885 | UBERON:0002788 | UBERON:0001880 | UBERON:0002883 | UBERON:0002972 | UBERON:0001885 | UBERON:0001899 | UBERON:0001875 | UBERON:0019267 | UBERON:0001898 | UBERON:0002733 | UBERON:0001926 | UBERON:0002736 | UBERON:0002983 | UBERON:0002739 | UBERON:0001927 | UBERON:0002272 | UBERON:0009661 | UBERON:0002314 | UBERON:0015233 | UBERON:0004725 | UBERON:0001944 | UBERON:0001384 | UBERON:0002981 | UBERON:0002663 | UBERON:0002038 | UBERON:0001906 | UBERON:0002637,,,PATO:0000461,,,,,,,,,,
unk,Human Brain Cell Atlas v1.0,Supercluster: Hippocampal CA1-3,,74979,,,Siletti,Science,2023.0,10.1126/science.add7046,https://cellxgene.cziscience.com/collections/283d65eb-dd53-496d-adb7-7570c7caa443,https://cellxgene.cziscience.com/e/7a0a8891-9a22-4549-a55b-c2aca23c3a2a.cxg/,Brodmann (1909) area 14 | Brodmann (1909) area 25 | Brodmann (1909) area 46 | accessory basal amygdaloid nucleus | anterior olfactory nucleus | basolateral amygdaloid nuclear complex | bed nucleus of stria terminalis | corticomedial nuclear complex | dentate gyrus of hippocampal formation | hippocampal field | hypothalamus | lateral amygdaloid nucleus | lateral geniculate body | mammillary body | medial entorhinal cortex | medial geniculate body | middle temporal gyrus | piriform cortex | posterior parahippocampal gyrus | primary motor cortex | pulvinar nucleus | retrosplenial region | rostral CA3 | septal nuclear complex | subicular complex | substantia nigra | subthalamic nucleus | supraoptic nucleus | uncal CA1,normal,283d65eb-dd53-496d-adb7-7570c7caa443,36a4e4dd-d0f4-4b4a-bea8-a173ddafb13f,7a0a8891-9a22-4549-a55b-c2aca23c3a2a,5059cc27-fc8a-448c-8029-16ce5f982567,False,,PUBLIC,Homo sapiens,True,euclidean,True,True,True,https://datasets.cellxgene.cziscience.com/5059cc27-fc8a-448c-8029-16ce5f982567.h5ad,UBERON:0013545 | UBERON:0013556 | UBERON:0006483 | UBERON:0002885 | UBERON:0002266 | UBERON:0006107 | UBERON:0001880 | UBERON:0006108 | UBERON:0001885 | UBERON:0003876 | UBERON:0001898 | UBERON:0002886 | UBERON:0001926 | UBERON:0002206 | UBERON:0007224 | UBERON:0001927 | UBERON:0002771 | UBERON:0004725 | UBERON:0002657 | UBERON:0001384 | UBERON:0002981 | UBERON:0013531 | UBERON:0034779 | UBERON:0002663 | UBERON:0023787 | UBERON:0002038 | UBERON:0001906 | UBERON:0001929 | UBERON:0034774,,,PATO:0000461,,,,,,,,,,
unk,Human Brain Cell Atlas v1.0,Supercluster: Microglia,,91838,,,Siletti,Science,2023.0,10.1126/science.add7046,https://cellxgene.cziscience.com/collections/283d65eb-dd53-496d-adb7-7570c7caa443,https://cellxgene.cziscience.com/e/700aed19-c16e-4ba8-9191-07da098a8626.cxg/,Brodmann (1909) area 13 | Brodmann (1909) area 14 | Brodmann (1909) area 19 | Brodmann (1909) area 23 | Brodmann (1909) area 24 | Brodmann (1909) area 25 | Brodmann (1909) area 32 | Brodmann (1909) area 35 | Brodmann (1909) area 38 | Brodmann (1909) area 40 | Brodmann (1909) area 43 | Brodmann (1909) area 46 | accessory basal amygdaloid nucleus | agranular insular cortex | anterior cortical amygdaloid nucleus | anterior nuclear group | anterior olfactory nucleus | basolateral amygdaloid nuclear complex | bed nucleus of stria terminalis | body of caudate nucleus | central amygdaloid nucleus | centromedian nucleus of thalamus | cerebellar nuclear complex | cerebellar vermis | cerebrocerebellum | claustrum of brain | corticomedial nuclear complex | cuneus cortex | dentate gyrus of hippocampal formation | dorsal tegmental nucleus | epithalamus | extrastriate cortex | globus pallidus | granular insular cortex | gray matter of midbrain | hippocampal field | hypothalamus | inferior frontal gyrus | inferior olivary complex | inferior temporal gyrus | intralaminar nuclear group | lateral amygdaloid nucleus | lateral entorhinal cortex | lateral geniculate body | lateral nuclear group of thalamus | lateral posterior nucleus of thalamus | mammillary body | medial dorsal nucleus of thalamus | medial entorhinal cortex | medial geniculate body | medial zone of hypothalamus | median tuberal portion | midbrain nucleus | midbrain tectum | middle temporal gyrus | nucleus accumbens | nucleus of dorsal thalamus | nucleus of medulla oblongata | parabrachial nucleus | perirhinal cortex | piriform cortex | pontine nuclear group | pontine reticular formation | pontine tegmentum | posterior parahippocampal gyrus | preoptic area | pretectal region | primary auditory cortex | primary motor cortex | primary somatosensory cortex | primary visual cortex | pulvinar nucleus | putamen | red nucleus | retrosplenial region | rostral CA3 | septal nuclear complex | spinal cord | subicular complex | substantia innominata | substantia nigra | subthalamic nucleus | superior parietal cortex | superior temporal gyrus | supraoptic nucleus | temporal fusiform gyrus | uncal CA1 | ventral anterior nucleus of thalamus,normal,283d65eb-dd53-496d-adb7-7570c7caa443,36a4e4dd-d0f4-4b4a-bea8-a173ddafb13f,700aed19-c16e-4ba8-9191-07da098a8626,304a31c3-8e07-4325-99d0-f5c4a1948f95,False,,PUBLIC,Homo sapiens,True,euclidean,True,True,True,https://datasets.cellxgene.cziscience.com/304a31c3-8e07-4325-99d0-f5c4a1948f95.h5ad,UBERON:0013544 | UBERON:0013545 | UBERON:0013550 | UBERON:0013554 | UBERON:0006101 | UBERON:0013556 | UBERON:0013560 | UBERON:0006102 | UBERON:0006479 | UBERON:0013573 | UBERON:0013561 | UBERON:0006483 | UBERON:0002885 | UBERON:0034893 | UBERON:0034991 | UBERON:0002788 | UBERON:0002266 | UBERON:0006107 | UBERON:0001880 | UBERON:0002630 | UBERON:0002883 | UBERON:0002972 | UBERON:0002130 | UBERON:0004720 | UBERON:0014644 | UBERON:0002023 | UBERON:0006108 | UBERON:0006092 | UBERON:0001885 | UBERON:0002143 | UBERON:0001899 | UBERON:0014370 | UBERON:0001875 | UBERON:0034892 | UBERON:0019267 | UBERON:0003876 | UBERON:0001898 | UBERON:0002998 | UBERON:0002127 | UBERON:0002751 | UBERON:0002733 | UBERON:0002886 | UBERON:0007225 | UBERON:0001926 | UBERON:0002736 | UBERON:0002983 | UBERON:0002206 | UBERON:0002739 | UBERON:0007224 | UBERON:0001927 | UBERON:0002272 | UBERON:2000392 | UBERON:0009661 | UBERON:0002314 | UBERON:0002771 | UBERON:0001882 | UBERON:0015233 | UBERON:0007635 | UBERON:0007634 | UBERON:0006083 | UBERON:0004725 | UBERON:0002151 | UBERON:0002573 | UBERON:0003023 | UBERON:0002657 | UBERON:0001928 | UBERON:0001944 | UBERON:0034751 | UBERON:0001384 | UBERON:0008933 | UBERON:0002436 | UBERON:0002981 | UBERON:0001874 | UBERON:0001947 | UBERON:0013531 | UBERON:0034779 | UBERON:0002663 | UBERON:0002240 | UBERON:0023787 | UBERON:0003017 | UBERON:0002038 | UBERON:0001906 | UBERON:0006094 | UBERON:0002769 | UBERON:0001929 | UBERON:0022395 | UBERON:0034774 | UBERON:0002637,,,PATO:0000461,,,,,,,,,,
unk,Human Brain Cell Atlas v1.0,Dissection: Cerebral cortex (Cx) - Inferior frontal gyrus (IFG) - Ventrolateral prefrontal cortex - A44-A45,,38259,,,Siletti,Science,2023.0,10.1126/science.add7046,https://cellxgene.cziscience.com/collections/283d65eb-dd53-496d-adb7-7570c7caa443,https://cellxgene.cziscience.com/e/6ed0bb6c-a9e3-4ba6-9436-7c8fd4e206f0.cxg/,inferior frontal gyrus,normal,283d65eb-dd53-496d-adb7-7570c7caa443,36a4e4dd-d0f4-4b4a-bea8-a173ddafb13f,6ed0bb6c-a9e3-4ba6-9436-7c8fd4e206f0,b26c5844-47db-4622-8511-4694abf824e7,False,,PUBLIC,Homo sapiens,True,euclidean,True,True,True,https://datasets.cellxgene.cziscience.com/b26c5844-47db-4622-8511-4694abf824e7.h5ad,UBERON:0002998,,,PATO:0000461,,,,,,,,,,
unk,Human Brain Cell Atlas v1.0,Supercluster: Lower rhombic lip,,52650,,,Siletti,Science,2023.0,10.1126/science.add7046,https://cellxgene.cziscience.com/collections/283d65eb-dd53-496d-adb7-7570c7caa443,https://cellxgene.cziscience.com/e/6538ce1b-7949-405f-b01c-a2c3e876baee.cxg/,cerebellar nuclear complex | dorsal tegmental nucleus | globus pallidus | gray matter of midbrain | inferior olivary complex | intralaminar nuclear group | mammillary body | midbrain tectum | nucleus of medulla oblongata | parabrachial nucleus | pontine nuclear group | pontine reticular formation | pontine tegmentum | primary motor cortex | pulvinar nucleus | septal nuclear complex | substantia nigra | temporal fusiform gyrus,normal,283d65eb-dd53-496d-adb7-7570c7caa443,36a4e4dd-d0f4-4b4a-bea8-a173ddafb13f,6538ce1b-7949-405f-b01c-a2c3e876baee,7b05d261-5e36-422a-90e6-2b3903861907,False,,PUBLIC,Homo sapiens,True,euclidean,True,True,True,https://datasets.cellxgene.cziscience.com/7b05d261-5e36-422a-90e6-2b3903861907.h5ad,UBERON:0002130 | UBERON:0002143 | UBERON:0001875 | UBERON:0019267 | UBERON:0002127 | UBERON:0002733 | UBERON:0002206 | UBERON:0002314 | UBERON:0007635 | UBERON:0007634 | UBERON:0002151 | UBERON:0002573 | UBERON:0003023 | UBERON:0001384 | UBERON:0002981 | UBERON:0002663 | UBERON:0002038 | UBERON:0022395,,,PATO:0000461,,,,,,,,,,
unk,Human Brain Cell Atlas v1.0,Dissection: Cerebral cortex (Cx) - Supraparietal lobule (SPL) - Posterosuperior (dorsal) parietal cortex - A5-A7,,35290,,,Siletti,Science,2023.0,10.1126/science.add7046,https://cellxgene.cziscience.com/collections/283d65eb-dd53-496d-adb7-7570c7caa443,https://cellxgene.cziscience.com/e/639ffc23-14db-4060-9027-3c90314200f8.cxg/,superior parietal cortex,normal,283d65eb-dd53-496d-adb7-7570c7caa443,36a4e4dd-d0f4-4b4a-bea8-a173ddafb13f,639ffc23-14db-4060-9027-3c90314200f8,5b75b7fe-4224-40d4-a7bc-78ef7bf37082,False,,PUBLIC,Homo sapiens,True,euclidean,True,True,True,https://datasets.cellxgene.cziscience.com/5b75b7fe-4224-40d4-a7bc-78ef7bf37082.h5ad,UBERON:0006094,,,PATO:0000461,,,,,,,,,,
unk,Human Brain Cell Atlas v1.0,Supercluster: Mammillary body,,16602,,,Siletti,Science,2023.0,10.1126/science.add7046,https://cellxgene.cziscience.com/collections/283d65eb-dd53-496d-adb7-7570c7caa443,https://cellxgene.cziscience.com/e/599504e5-d4ad-45bd-9128-823faf0fb9c9.cxg/,dorsal tegmental nucleus | hypothalamus | intralaminar nuclear group | mammillary body | medial geniculate body | medial zone of hypothalamus | median tuberal portion | midbrain nucleus | primary motor cortex | substantia nigra | subthalamic nucleus,normal,283d65eb-dd53-496d-adb7-7570c7caa443,36a4e4dd-d0f4-4b4a-bea8-a173ddafb13f,599504e5-d4ad-45bd-9128-823faf0fb9c9,e7157553-e797-4900-aad5-027ad2b3b047,False,,PUBLIC,Homo sapiens,True,euclidean,True,True,True,https://datasets.cellxgene.cziscience.com/e7157553-e797-4900-aad5-027ad2b3b047.h5ad,UBERON:0002143 | UBERON:0001898 | UBERON:0002733 | UBERON:0002206 | UBERON:0001927 | UBERON:0002272 | UBERON:2000392 | UBERON:0009661 | UBERON:0001384 | UBERON:0002038 | UBERON:0001906,,,PATO:0000461,,,,,,,,,,
unk,Human Brain Cell Atlas v1.0,Supercluster: Miscellaneous,,25071,,,Siletti,Science,2023.0,10.1126/science.add7046,https://cellxgene.cziscience.com/collections/283d65eb-dd53-496d-adb7-7570c7caa443,https://cellxgene.cziscience.com/e/59923449-e303-43e6-9e63-03ef92f5ebd1.cxg/,Brodmann (1909) area 13 | Brodmann (1909) area 14 | Brodmann (1909) area 19 | Brodmann (1909) area 23 | Brodmann (1909) area 24 | Brodmann (1909) area 25 | Brodmann (1909) area 32 | Brodmann (1909) area 35 | Brodmann (1909) area 38 | Brodmann (1909) area 40 | Brodmann (1909) area 43 | Brodmann (1909) area 46 | accessory basal amygdaloid nucleus | agranular insular cortex | anterior cortical amygdaloid nucleus | anterior nuclear group | anterior olfactory nucleus | basolateral amygdaloid nuclear complex | bed nucleus of stria terminalis | body of caudate nucleus | central amygdaloid nucleus | centromedian nucleus of thalamus | cerebellar nuclear complex | cerebellar vermis | cerebrocerebellum | claustrum of brain | corticomedial nuclear complex | cuneus cortex | dentate gyrus of hippocampal formation | dorsal tegmental nucleus | epithalamus | extrastriate cortex | globus pallidus | granular insular cortex | gray matter of midbrain | hippocampal field | hypothalamus | inferior frontal gyrus | inferior olivary complex | inferior temporal gyrus | intralaminar nuclear group | lateral amygdaloid nucleus | lateral entorhinal cortex | lateral geniculate body | lateral nuclear group of thalamus | lateral posterior nucleus of thalamus | mammillary body | medial dorsal nucleus of thalamus | medial entorhinal cortex | medial geniculate body | medial zone of hypothalamus | median tuberal portion | midbrain nucleus | midbrain tectum | middle temporal gyrus | nucleus accumbens | nucleus of dorsal thalamus | nucleus of medulla oblongata | parabrachial nucleus | perirhinal cortex | piriform cortex | pontine nuclear group | pontine reticular formation | pontine tegmentum | posterior parahippocampal gyrus | preoptic area | pretectal region | primary auditory cortex | primary motor cortex | primary somatosensory cortex | primary visual cortex | pulvinar nucleus | putamen | red nucleus | retrosplenial region | rostral CA3 | septal nuclear complex | spinal cord | subicular complex | substantia innominata | substantia nigra | subthalamic nucleus | superior parietal cortex | superior temporal gyrus | supraoptic nucleus | temporal fusiform gyrus | uncal CA1 | ventral anterior nucleus of thalamus,normal,283d65eb-dd53-496d-adb7-7570c7caa443,36a4e4dd-d0f4-4b4a-bea8-a173ddafb13f,59923449-e303-43e6-9e63-03ef92f5ebd1,867a02bc-e6e2-48f7-9b26-8c24c734efff,False,,PUBLIC,Homo sapiens,True,euclidean,True,True,True,https://datasets.cellxgene.cziscience.com/867a02bc-e6e2-48f7-9b26-8c24c734efff.h5ad,UBERON:0013544 | UBERON:0013545 | UBERON:0013550 | UBERON:0013554 | UBERON:0006101 | UBERON:0013556 | UBERON:0013560 | UBERON:0006102 | UBERON:0006479 | UBERON:0013573 | UBERON:0013561 | UBERON:0006483 | UBERON:0002885 | UBERON:0034893 | UBERON:0034991 | UBERON:0002788 | UBERON:0002266 | UBERON:0006107 | UBERON:0001880 | UBERON:0002630 | UBERON:0002883 | UBERON:0002972 | UBERON:0002130 | UBERON:0004720 | UBERON:0014644 | UBERON:0002023 | UBERON:0006108 | UBERON:0006092 | UBERON:0001885 | UBERON:0002143 | UBERON:0001899 | UBERON:0014370 | UBERON:0001875 | UBERON:0034892 | UBERON:0019267 | UBERON:0003876 | UBERON:0001898 | UBERON:0002998 | UBERON:0002127 | UBERON:0002751 | UBERON:0002733 | UBERON:0002886 | UBERON:0007225 | UBERON:0001926 | UBERON:0002736 | UBERON:0002983 | UBERON:0002206 | UBERON:0002739 | UBERON:0007224 | UBERON:0001927 | UBERON:0002272 | UBERON:2000392 | UBERON:0009661 | UBERON:0002314 | UBERON:0002771 | UBERON:0001882 | UBERON:0015233 | UBERON:0007635 | UBERON:0007634 | UBERON:0006083 | UBERON:0004725 | UBERON:0002151 | UBERON:0002573 | UBERON:0003023 | UBERON:0002657 | UBERON:0001928 | UBERON:0001944 | UBERON:0034751 | UBERON:0001384 | UBERON:0008933 | UBERON:0002436 | UBERON:0002981 | UBERON:0001874 | UBERON:0001947 | UBERON:0013531 | UBERON:0034779 | UBERON:0002663 | UBERON:0002240 | UBERON:0023787 | UBERON:0003017 | UBERON:0002038 | UBERON:0001906 | UBERON:0006094 | UBERON:0002769 | UBERON:0001929 | UBERON:0022395 | UBERON:0034774 | UBERON:0002637,,,PATO:0000461,,,,,,,,,,
unk,Human Brain Cell Atlas v1.0,Dissection: Cerebral cortex (Cx) - Postcentral gyrus (PoCG) - Primary somatosensory cortex - S1C,,38188,,,Siletti,Science,2023.0,10.1126/science.add7046,https://cellxgene.cziscience.com/collections/283d65eb-dd53-496d-adb7-7570c7caa443,https://cellxgene.cziscience.com/e/56c33a38-2732-4e53-a9c1-1bc61eda9a99.cxg/,primary somatosensory cortex,normal,283d65eb-dd53-496d-adb7-7570c7caa443,36a4e4dd-d0f4-4b4a-bea8-a173ddafb13f,56c33a38-2732-4e53-a9c1-1bc61eda9a99,d5aa1f7f-155d-4423-a8b1-8866a064b7ad,False,,PUBLIC,Homo sapiens,True,euclidean,True,True,True,https://datasets.cellxgene.cziscience.com/d5aa1f7f-155d-4423-a8b1-8866a064b7ad.h5ad,UBERON:0008933,,,PATO:0000461,,,,,,,,,,
unk,Human Brain Cell Atlas v1.0,Supercluster: Fibroblast,,9156,,,Siletti,Science,2023.0,10.1126/science.add7046,https://cellxgene.cziscience.com/collections/283d65eb-dd53-496d-adb7-7570c7caa443,https://cellxgene.cziscience.com/e/531c9543-9093-45ed-93ac-ebc5815bfb8a.cxg/,Brodmann (1909) area 13 | Brodmann (1909) area 14 | Brodmann (1909) area 19 | Brodmann (1909) area 23 | Brodmann (1909) area 24 | Brodmann (1909) area 25 | Brodmann (1909) area 32 | Brodmann (1909) area 35 | Brodmann (1909) area 38 | Brodmann (1909) area 40 | Brodmann (1909) area 43 | Brodmann (1909) area 46 | accessory basal amygdaloid nucleus | agranular insular cortex | anterior cortical amygdaloid nucleus | anterior nuclear group | anterior olfactory nucleus | basolateral amygdaloid nuclear complex | bed nucleus of stria terminalis | body of caudate nucleus | central amygdaloid nucleus | centromedian nucleus of thalamus | cerebellar nuclear complex | cerebellar vermis | cerebrocerebellum | claustrum of brain | corticomedial nuclear complex | cuneus cortex | dentate gyrus of hippocampal formation | dorsal tegmental nucleus | epithalamus | extrastriate cortex | globus pallidus | granular insular cortex | gray matter of midbrain | hippocampal field | hypothalamus | inferior frontal gyrus | inferior olivary complex | inferior temporal gyrus | intralaminar nuclear group | lateral amygdaloid nucleus | lateral entorhinal cortex | lateral geniculate body | lateral nuclear group of thalamus | lateral posterior nucleus of thalamus | mammillary body | medial dorsal nucleus of thalamus | medial entorhinal cortex | medial geniculate body | medial zone of hypothalamus | median tuberal portion | midbrain nucleus | midbrain tectum | middle temporal gyrus | nucleus accumbens | nucleus of dorsal thalamus | nucleus of medulla oblongata | parabrachial nucleus | perirhinal cortex | piriform cortex | pontine nuclear group | pontine reticular formation | pontine tegmentum | posterior parahippocampal gyrus | preoptic area | pretectal region | primary auditory cortex | primary motor cortex | primary somatosensory cortex | primary visual cortex | pulvinar nucleus | putamen | red nucleus | retrosplenial region | rostral CA3 | septal nuclear complex | spinal cord | subicular complex | substantia innominata | substantia nigra | subthalamic nucleus | superior parietal cortex | superior temporal gyrus | supraoptic nucleus | temporal fusiform gyrus | uncal CA1 | ventral anterior nucleus of thalamus,normal,283d65eb-dd53-496d-adb7-7570c7caa443,36a4e4dd-d0f4-4b4a-bea8-a173ddafb13f,531c9543-9093-45ed-93ac-ebc5815bfb8a,79061388-1453-4f75-a9e0-2dbfe4dce4f6,False,,PUBLIC,Homo sapiens,True,euclidean,True,True,True,https://datasets.cellxgene.cziscience.com/79061388-1453-4f75-a9e0-2dbfe4dce4f6.h5ad,UBERON:0013544 | UBERON:0013545 | UBERON:0013550 | UBERON:0013554 | UBERON:0006101 | UBERON:0013556 | UBERON:0013560 | UBERON:0006102 | UBERON:0006479 | UBERON:0013573 | UBERON:0013561 | UBERON:0006483 | UBERON:0002885 | UBERON:0034893 | UBERON:0034991 | UBERON:0002788 | UBERON:0002266 | UBERON:0006107 | UBERON:0001880 | UBERON:0002630 | UBERON:0002883 | UBERON:0002972 | UBERON:0002130 | UBERON:0004720 | UBERON:0014644 | UBERON:0002023 | UBERON:0006108 | UBERON:0006092 | UBERON:0001885 | UBERON:0002143 | UBERON:0001899 | UBERON:0014370 | UBERON:0001875 | UBERON:0034892 | UBERON:0019267 | UBERON:0003876 | UBERON:0001898 | UBERON:0002998 | UBERON:0002127 | UBERON:0002751 | UBERON:0002733 | UBERON:0002886 | UBERON:0007225 | UBERON:0001926 | UBERON:0002736 | UBERON:0002983 | UBERON:0002206 | UBERON:0002739 | UBERON:0007224 | UBERON:0001927 | UBERON:0002272 | UBERON:2000392 | UBERON:0009661 | UBERON:0002314 | UBERON:0002771 | UBERON:0001882 | UBERON:0015233 | UBERON:0007635 | UBERON:0007634 | UBERON:0006083 | UBERON:0004725 | UBERON:0002151 | UBERON:0002573 | UBERON:0003023 | UBERON:0002657 | UBERON:0001928 | UBERON:0001944 | UBERON:0034751 | UBERON:0001384 | UBERON:0008933 | UBERON:0002436 | UBERON:0002981 | UBERON:0001874 | UBERON:0001947 | UBERON:0013531 | UBERON:0034779 | UBERON:0002663 | UBERON:0002240 | UBERON:0023787 | UBERON:0003017 | UBERON:0002038 | UBERON:0001906 | UBERON:0006094 | UBERON:0002769 | UBERON:0001929 | UBERON:0022395 | UBERON:0034774 | UBERON:0002637,,,PATO:0000461,,,,,,,,,,
unk,Human Brain Cell Atlas v1.0,Dissection: Cerebral cortex (Cx) - Frontal agranular insular cortex - FI,,34949,,,Siletti,Science,2023.0,10.1126/science.add7046,https://cellxgene.cziscience.com/collections/283d65eb-dd53-496d-adb7-7570c7caa443,https://cellxgene.cziscience.com/e/421e5f54-5de7-425f-b399-34ead0651ce1.cxg/,agranular insular cortex,normal,283d65eb-dd53-496d-adb7-7570c7caa443,36a4e4dd-d0f4-4b4a-bea8-a173ddafb13f,421e5f54-5de7-425f-b399-34ead0651ce1,49c04b63-425f-48f0-89b7-5961781e0704,False,,PUBLIC,Homo sapiens,True,euclidean,True,True,True,https://datasets.cellxgene.cziscience.com/49c04b63-425f-48f0-89b7-5961781e0704.h5ad,UBERON:0034893,,,PATO:0000461,,,,,,,,,,
unk,Human Brain Cell Atlas v1.0,Supercluster: Oligodendrocyte,,490246,,,Siletti,Science,2023.0,10.1126/science.add7046,https://cellxgene.cziscience.com/collections/283d65eb-dd53-496d-adb7-7570c7caa443,https://cellxgene.cziscience.com/e/40e79234-65e8-45e9-b555-5c663154a108.cxg/,Brodmann (1909) area 13 | Brodmann (1909) area 14 | Brodmann (1909) area 19 | Brodmann (1909) area 23 | Brodmann (1909) area 24 | Brodmann (1909) area 25 | Brodmann (1909) area 32 | Brodmann (1909) area 35 | Brodmann (1909) area 38 | Brodmann (1909) area 40 | Brodmann (1909) area 43 | Brodmann (1909) area 46 | accessory basal amygdaloid nucleus | agranular insular cortex | anterior cortical amygdaloid nucleus | anterior nuclear group | anterior olfactory nucleus | basolateral amygdaloid nuclear complex | bed nucleus of stria terminalis | body of caudate nucleus | central amygdaloid nucleus | centromedian nucleus of thalamus | cerebellar nuclear complex | cerebellar vermis | cerebrocerebellum | claustrum of brain | corticomedial nuclear complex | cuneus cortex | dentate gyrus of hippocampal formation | dorsal tegmental nucleus | epithalamus | extrastriate cortex | globus pallidus | granular insular cortex | gray matter of midbrain | hippocampal field | hypothalamus | inferior frontal gyrus | inferior olivary complex | inferior temporal gyrus | intralaminar nuclear group | lateral amygdaloid nucleus | lateral entorhinal cortex | lateral geniculate body | lateral nuclear group of thalamus | lateral posterior nucleus of thalamus | mammillary body | medial dorsal nucleus of thalamus | medial entorhinal cortex | medial geniculate body | medial zone of hypothalamus | median tuberal portion | midbrain nucleus | midbrain tectum | middle temporal gyrus | nucleus accumbens | nucleus of dorsal thalamus | nucleus of medulla oblongata | parabrachial nucleus | perirhinal cortex | piriform cortex | pontine nuclear group | pontine reticular formation | pontine tegmentum | posterior parahippocampal gyrus | preoptic area | pretectal region | primary auditory cortex | primary motor cortex | primary somatosensory cortex | primary visual cortex | pulvinar nucleus | putamen | red nucleus | retrosplenial region | rostral CA3 | septal nuclear complex | spinal cord | subicular complex | substantia innominata | substantia nigra | subthalamic nucleus | superior parietal cortex | superior temporal gyrus | supraoptic nucleus | temporal fusiform gyrus | uncal CA1 | ventral anterior nucleus of thalamus,normal,283d65eb-dd53-496d-adb7-7570c7caa443,36a4e4dd-d0f4-4b4a-bea8-a173ddafb13f,40e79234-65e8-45e9-b555-5c663154a108,a0733204-201e-47d8-bb92-b2ab95f98938,False,,PUBLIC,Homo sapiens,True,euclidean,True,True,True,https://datasets.cellxgene.cziscience.com/a0733204-201e-47d8-bb92-b2ab95f98938.h5ad,UBERON:0013544 | UBERON:0013545 | UBERON:0013550 | UBERON:0013554 | UBERON:0006101 | UBERON:0013556 | UBERON:0013560 | UBERON:0006102 | UBERON:0006479 | UBERON:0013573 | UBERON:0013561 | UBERON:0006483 | UBERON:0002885 | UBERON:0034893 | UBERON:0034991 | UBERON:0002788 | UBERON:0002266 | UBERON:0006107 | UBERON:0001880 | UBERON:0002630 | UBERON:0002883 | UBERON:0002972 | UBERON:0002130 | UBERON:0004720 | UBERON:0014644 | UBERON:0002023 | UBERON:0006108 | UBERON:0006092 | UBERON:0001885 | UBERON:0002143 | UBERON:0001899 | UBERON:0014370 | UBERON:0001875 | UBERON:0034892 | UBERON:0019267 | UBERON:0003876 | UBERON:0001898 | UBERON:0002998 | UBERON:0002127 | UBERON:0002751 | UBERON:0002733 | UBERON:0002886 | UBERON:0007225 | UBERON:0001926 | UBERON:0002736 | UBERON:0002983 | UBERON:0002206 | UBERON:0002739 | UBERON:0007224 | UBERON:0001927 | UBERON:0002272 | UBERON:2000392 | UBERON:0009661 | UBERON:0002314 | UBERON:0002771 | UBERON:0001882 | UBERON:0015233 | UBERON:0007635 | UBERON:0007634 | UBERON:0006083 | UBERON:0004725 | UBERON:0002151 | UBERON:0002573 | UBERON:0003023 | UBERON:0002657 | UBERON:0001928 | UBERON:0001944 | UBERON:0034751 | UBERON:0001384 | UBERON:0008933 | UBERON:0002436 | UBERON:0002981 | UBERON:0001874 | UBERON:0001947 | UBERON:0013531 | UBERON:0034779 | UBERON:0002663 | UBERON:0002240 | UBERON:0023787 | UBERON:0003017 | UBERON:0002038 | UBERON:0001906 | UBERON:0006094 | UBERON:0002769 | UBERON:0001929 | UBERON:0022395 | UBERON:0034774 | UBERON:0002637,,,PATO:0000461,,,,,,,,,,
unk,Human Brain Cell Atlas v1.0,"Dissection: Cerebral cortex (Cx) - Cingulate gyrus, rostral (CgGr) - Ventral division of MFC - A24",,32157,,,Siletti,Science,2023.0,10.1126/science.add7046,https://cellxgene.cziscience.com/collections/283d65eb-dd53-496d-adb7-7570c7caa443,https://cellxgene.cziscience.com/e/3f31f8ce-bbf6-4df8-8203-aa240ed03026.cxg/,Brodmann (1909) area 24,normal,283d65eb-dd53-496d-adb7-7570c7caa443,36a4e4dd-d0f4-4b4a-bea8-a173ddafb13f,3f31f8ce-bbf6-4df8-8203-aa240ed03026,efd31ba9-d47a-4c08-8965-43d989063d83,False,,PUBLIC,Homo sapiens,True,euclidean,True,True,True,https://datasets.cellxgene.cziscience.com/efd31ba9-d47a-4c08-8965-43d989063d83.h5ad,UBERON:0006101,,,PATO:0000461,,,,,,,,,,
unk,Human Brain Cell Atlas v1.0,Supercluster: Splatter,,291833,,,Siletti,Science,2023.0,10.1126/science.add7046,https://cellxgene.cziscience.com/collections/283d65eb-dd53-496d-adb7-7570c7caa443,https://cellxgene.cziscience.com/e/3a7f3ab4-a280-4b3b-b2c0-6dd05614a78c.cxg/,Brodmann (1909) area 13 | Brodmann (1909) area 14 | Brodmann (1909) area 19 | Brodmann (1909) area 23 | Brodmann (1909) area 24 | Brodmann (1909) area 25 | Brodmann (1909) area 32 | Brodmann (1909) area 38 | Brodmann (1909) area 40 | Brodmann (1909) area 43 | Brodmann (1909) area 46 | accessory basal amygdaloid nucleus | agranular insular cortex | anterior cortical amygdaloid nucleus | anterior nuclear group | anterior olfactory nucleus | basolateral amygdaloid nuclear complex | bed nucleus of stria terminalis | body of caudate nucleus | central amygdaloid nucleus | centromedian nucleus of thalamus | cerebellar nuclear complex | cerebellar vermis | cerebrocerebellum | claustrum of brain | corticomedial nuclear complex | cuneus cortex | dentate gyrus of hippocampal formation | dorsal tegmental nucleus | epithalamus | extrastriate cortex | globus pallidus | granular insular cortex | gray matter of midbrain | hippocampal field | hypothalamus | inferior frontal gyrus | inferior olivary complex | inferior temporal gyrus | intralaminar nuclear group | lateral amygdaloid nucleus | lateral entorhinal cortex | lateral geniculate body | lateral nuclear group of thalamus | lateral posterior nucleus of thalamus | mammillary body | medial dorsal nucleus of thalamus | medial entorhinal cortex | medial geniculate body | medial zone of hypothalamus | median tuberal portion | midbrain nucleus | midbrain tectum | middle temporal gyrus | nucleus accumbens | nucleus of dorsal thalamus | nucleus of medulla oblongata | parabrachial nucleus | perirhinal cortex | piriform cortex | pontine nuclear group | pontine reticular formation | pontine tegmentum | posterior parahippocampal gyrus | preoptic area | pretectal region | primary auditory cortex | primary motor cortex | primary somatosensory cortex | primary visual cortex | pulvinar nucleus | putamen | red nucleus | retrosplenial region | rostral CA3 | septal nuclear complex | spinal cord | subicular complex | substantia innominata | substantia nigra | subthalamic nucleus | superior parietal cortex | superior temporal gyrus | supraoptic nucleus | temporal fusiform gyrus | uncal CA1 | ventral anterior nucleus of thalamus,normal,283d65eb-dd53-496d-adb7-7570c7caa443,36a4e4dd-d0f4-4b4a-bea8-a173ddafb13f,3a7f3ab4-a280-4b3b-b2c0-6dd05614a78c,8d65d563-c55e-4c81-b20d-352384357df5,False,,PUBLIC,Homo sapiens,True,euclidean,True,True,True,https://datasets.cellxgene.cziscience.com/8d65d563-c55e-4c81-b20d-352384357df5.h5ad,UBERON:0013544 | UBERON:0013545 | UBERON:0013550 | UBERON:0013554 | UBERON:0006101 | UBERON:0013556 | UBERON:0013560 | UBERON:0006479 | UBERON:0013573 | UBERON:0013561 | UBERON:0006483 | UBERON:0002885 | UBERON:0034893 | UBERON:0034991 | UBERON:0002788 | UBERON:0002266 | UBERON:0006107 | UBERON:0001880 | UBERON:0002630 | UBERON:0002883 | UBERON:0002972 | UBERON:0002130 | UBERON:0004720 | UBERON:0014644 | UBERON:0002023 | UBERON:0006108 | UBERON:0006092 | UBERON:0001885 | UBERON:0002143 | UBERON:0001899 | UBERON:0014370 | UBERON:0001875 | UBERON:0034892 | UBERON:0019267 | UBERON:0003876 | UBERON:0001898 | UBERON:0002998 | UBERON:0002127 | UBERON:0002751 | UBERON:0002733 | UBERON:0002886 | UBERON:0007225 | UBERON:0001926 | UBERON:0002736 | UBERON:0002983 | UBERON:0002206 | UBERON:0002739 | UBERON:0007224 | UBERON:0001927 | UBERON:0002272 | UBERON:2000392 | UBERON:0009661 | UBERON:0002314 | UBERON:0002771 | UBERON:0001882 | UBERON:0015233 | UBERON:0007635 | UBERON:0007634 | UBERON:0006083 | UBERON:0004725 | UBERON:0002151 | UBERON:0002573 | UBERON:0003023 | UBERON:0002657 | UBERON:0001928 | UBERON:0001944 | UBERON:0034751 | UBERON:0001384 | UBERON:0008933 | UBERON:0002436 | UBERON:0002981 | UBERON:0001874 | UBERON:0001947 | UBERON:0013531 | UBERON:0034779 | UBERON:0002663 | UBERON:0002240 | UBERON:0023787 | UBERON:0003017 | UBERON:0002038 | UBERON:0001906 | UBERON:0006094 | UBERON:0002769 | UBERON:0001929 | UBERON:0022395 | UBERON:0034774 | UBERON:0002637,,,PATO:0000461,,,,,,,,,,
unk,Human Brain Cell Atlas v1.0,Supercluster: Deep-layer near-projecting,,18856,,,Siletti,Science,2023.0,10.1126/science.add7046,https://cellxgene.cziscience.com/collections/283d65eb-dd53-496d-adb7-7570c7caa443,https://cellxgene.cziscience.com/e/35090826-f636-40c1-a3ef-4466beeab9f8.cxg/,Brodmann (1909) area 13 | Brodmann (1909) area 14 | Brodmann (1909) area 19 | Brodmann (1909) area 23 | Brodmann (1909) area 24 | Brodmann (1909) area 25 | Brodmann (1909) area 32 | Brodmann (1909) area 38 | Brodmann (1909) area 40 | Brodmann (1909) area 43 | Brodmann (1909) area 46 | accessory basal amygdaloid nucleus | agranular insular cortex | anterior cortical amygdaloid nucleus | anterior olfactory nucleus | bed nucleus of stria terminalis | central amygdaloid nucleus | claustrum of brain | cuneus cortex | extrastriate cortex | granular insular cortex | hippocampal field | hypothalamus | inferior frontal gyrus | inferior temporal gyrus | lateral amygdaloid nucleus | lateral entorhinal cortex | lateral posterior nucleus of thalamus | medial zone of hypothalamus | midbrain tectum | middle temporal gyrus | nucleus accumbens | perirhinal cortex | piriform cortex | posterior parahippocampal gyrus | preoptic area | primary auditory cortex | primary motor cortex | primary somatosensory cortex | primary visual cortex | retrosplenial region | septal nuclear complex | subicular complex | substantia innominata | superior parietal cortex | superior temporal gyrus | supraoptic nucleus | temporal fusiform gyrus,normal,283d65eb-dd53-496d-adb7-7570c7caa443,36a4e4dd-d0f4-4b4a-bea8-a173ddafb13f,35090826-f636-40c1-a3ef-4466beeab9f8,d9c855b5-f7ed-4b04-8f7e-421aa6c08347,False,,PUBLIC,Homo sapiens,True,euclidean,True,True,True,https://datasets.cellxgene.cziscience.com/d9c855b5-f7ed-4b04-8f7e-421aa6c08347.h5ad,UBERON:0013544 | UBERON:0013545 | UBERON:0013550 | UBERON:0013554 | UBERON:0006101 | UBERON:0013556 | UBERON:0013560 | UBERON:0006479 | UBERON:0013573 | UBERON:0013561 | UBERON:0006483 | UBERON:0002885 | UBERON:0034893 | UBERON:0034991 | UBERON:0002266 | UBERON:0001880 | UBERON:0002883 | UBERON:0002023 | UBERON:0006092 | UBERON:0014370 | UBERON:0034892 | UBERON:0003876 | UBERON:0001898 | UBERON:0002998 | UBERON:0002751 | UBERON:0002886 | UBERON:0007225 | UBERON:0002983 | UBERON:0002272 | UBERON:0002314 | UBERON:0002771 | UBERON:0001882 | UBERON:0006083 | UBERON:0004725 | UBERON:0002657 | UBERON:0001928 | UBERON:0034751 | UBERON:0001384 | UBERON:0008933 | UBERON:0002436 | UBERON:0013531 | UBERON:0002663 | UBERON:0023787 | UBERON:0003017 | UBERON:0006094 | UBERON:0002769 | UBERON:0001929 | UBERON:0022395,,,PATO:0000461,,,,,,,,,,
unk,Human Brain Cell Atlas v1.0,Dissection: Cerebral cortex (Cx) - Long insular gyri (LIG) - Dysgranular insular cortex - Idg,,39696,,,Siletti,Science,2023.0,10.1126/science.add7046,https://cellxgene.cziscience.com/collections/283d65eb-dd53-496d-adb7-7570c7caa443,https://cellxgene.cziscience.com/e/27d91086-cfe3-4e33-9282-bd1246e5ce8e.cxg/,agranular insular cortex,normal,283d65eb-dd53-496d-adb7-7570c7caa443,36a4e4dd-d0f4-4b4a-bea8-a173ddafb13f,27d91086-cfe3-4e33-9282-bd1246e5ce8e,f44b7d56-bd64-45f3-afb4-8afa7c53e3cd,False,,PUBLIC,Homo sapiens,True,euclidean,True,True,True,https://datasets.cellxgene.cziscience.com/f44b7d56-bd64-45f3-afb4-8afa7c53e3cd.h5ad,UBERON:0034893,,,PATO:0000461,,,,,,,,,,
unk,Human Brain Cell Atlas v1.0,Supercluster: Midbrain-derived inhibitory,,126782,,,Siletti,Science,2023.0,10.1126/science.add7046,https://cellxgene.cziscience.com/collections/283d65eb-dd53-496d-adb7-7570c7caa443,https://cellxgene.cziscience.com/e/2190bd4d-3be0-4bf7-8ca8-8d6f71228936.cxg/,accessory basal amygdaloid nucleus | anterior nuclear group | anterior olfactory nucleus | basolateral amygdaloid nuclear complex | bed nucleus of stria terminalis | central amygdaloid nucleus | centromedian nucleus of thalamus | cerebellar nuclear complex | corticomedial nuclear complex | dentate gyrus of hippocampal formation | dorsal tegmental nucleus | epithalamus | globus pallidus | gray matter of midbrain | hypothalamus | inferior olivary complex | intralaminar nuclear group | lateral amygdaloid nucleus | lateral geniculate body | lateral nuclear group of thalamus | lateral posterior nucleus of thalamus | mammillary body | medial dorsal nucleus of thalamus | medial geniculate body | medial zone of hypothalamus | median tuberal portion | midbrain nucleus | midbrain tectum | nucleus of dorsal thalamus | nucleus of medulla oblongata | parabrachial nucleus | pontine nuclear group | pontine reticular formation | pontine tegmentum | preoptic area | pretectal region | primary motor cortex | pulvinar nucleus | red nucleus | septal nuclear complex | spinal cord | substantia innominata | substantia nigra | subthalamic nucleus | ventral anterior nucleus of thalamus,normal,283d65eb-dd53-496d-adb7-7570c7caa443,36a4e4dd-d0f4-4b4a-bea8-a173ddafb13f,2190bd4d-3be0-4bf7-8ca8-8d6f71228936,ce84a389-7b2a-43e5-b599-26e53ea99e6f,False,,PUBLIC,Homo sapiens,True,euclidean,True,True,True,https://datasets.cellxgene.cziscience.com/ce84a389-7b2a-43e5-b599-26e53ea99e6f.h5ad,UBERON:0002885 | UBERON:0002788 | UBERON:0002266 | UBERON:0006107 | UBERON:0001880 | UBERON:0002883 | UBERON:0002972 | UBERON:0002130 | UBERON:0006108 | UBERON:0001885 | UBERON:0002143 | UBERON:0001899 | UBERON:0001875 | UBERON:0019267 | UBERON:0001898 | UBERON:0002127 | UBERON:0002733 | UBERON:0002886 | UBERON:0001926 | UBERON:0002736 | UBERON:0002983 | UBERON:0002206 | UBERON:0002739 | UBERON:0001927 | UBERON:0002272 | UBERON:2000392 | UBERON:0009661 | UBERON:0002314 | UBERON:0015233 | UBERON:0007635 | UBERON:0007634 | UBERON:0002151 | UBERON:0002573 | UBERON:0003023 | UBERON:0001928 | UBERON:0001944 | UBERON:0001384 | UBERON:0002981 | UBERON:0001947 | UBERON:0002663 | UBERON:0002240 | UBERON:0003017 | UBERON:0002038 | UBERON:0001906 | UBERON:0002637,,,PATO:0000461,,,,,,,,,,
unk,Human Brain Cell Atlas v1.0,Supercluster: Oligodendrocyte precursor,,105734,,,Siletti,Science,2023.0,10.1126/science.add7046,https://cellxgene.cziscience.com/collections/283d65eb-dd53-496d-adb7-7570c7caa443,https://cellxgene.cziscience.com/e/2185eb07-22e2-4209-b3c8-7111afc6aa90.cxg/,Brodmann (1909) area 13 | Brodmann (1909) area 14 | Brodmann (1909) area 19 | Brodmann (1909) area 23 | Brodmann (1909) area 24 | Brodmann (1909) area 25 | Brodmann (1909) area 32 | Brodmann (1909) area 35 | Brodmann (1909) area 38 | Brodmann (1909) area 40 | Brodmann (1909) area 43 | Brodmann (1909) area 46 | accessory basal amygdaloid nucleus | agranular insular cortex | anterior cortical amygdaloid nucleus | anterior nuclear group | anterior olfactory nucleus | basolateral amygdaloid nuclear complex | bed nucleus of stria terminalis | body of caudate nucleus | central amygdaloid nucleus | centromedian nucleus of thalamus | cerebellar nuclear complex | cerebellar vermis | cerebrocerebellum | claustrum of brain | corticomedial nuclear complex | cuneus cortex | dentate gyrus of hippocampal formation | dorsal tegmental nucleus | epithalamus | extrastriate cortex | globus pallidus | granular insular cortex | gray matter of midbrain | hippocampal field | hypothalamus | inferior frontal gyrus | inferior olivary complex | inferior temporal gyrus | intralaminar nuclear group | lateral amygdaloid nucleus | lateral entorhinal cortex | lateral geniculate body | lateral nuclear group of thalamus | lateral posterior nucleus of thalamus | mammillary body | medial dorsal nucleus of thalamus | medial entorhinal cortex | medial geniculate body | medial zone of hypothalamus | median tuberal portion | midbrain nucleus | midbrain tectum | middle temporal gyrus | nucleus accumbens | nucleus of dorsal thalamus | nucleus of medulla oblongata | parabrachial nucleus | perirhinal cortex | piriform cortex | pontine nuclear group | pontine reticular formation | pontine tegmentum | posterior parahippocampal gyrus | preoptic area | pretectal region | primary auditory cortex | primary motor cortex | primary somatosensory cortex | primary visual cortex | pulvinar nucleus | putamen | red nucleus | retrosplenial region | rostral CA3 | septal nuclear complex | spinal cord | subicular complex | substantia innominata | substantia nigra | subthalamic nucleus | superior parietal cortex | superior temporal gyrus | supraoptic nucleus | temporal fusiform gyrus | uncal CA1 | ventral anterior nucleus of thalamus,normal,283d65eb-dd53-496d-adb7-7570c7caa443,36a4e4dd-d0f4-4b4a-bea8-a173ddafb13f,2185eb07-22e2-4209-b3c8-7111afc6aa90,c2118ef1-aafe-44a8-8902-44d4fbbe486d,False,,PUBLIC,Homo sapiens,True,euclidean,True,True,True,https://datasets.cellxgene.cziscience.com/c2118ef1-aafe-44a8-8902-44d4fbbe486d.h5ad,UBERON:0013544 | UBERON:0013545 | UBERON:0013550 | UBERON:0013554 | UBERON:0006101 | UBERON:0013556 | UBERON:0013560 | UBERON:0006102 | UBERON:0006479 | UBERON:0013573 | UBERON:0013561 | UBERON:0006483 | UBERON:0002885 | UBERON:0034893 | UBERON:0034991 | UBERON:0002788 | UBERON:0002266 | UBERON:0006107 | UBERON:0001880 | UBERON:0002630 | UBERON:0002883 | UBERON:0002972 | UBERON:0002130 | UBERON:0004720 | UBERON:0014644 | UBERON:0002023 | UBERON:0006108 | UBERON:0006092 | UBERON:0001885 | UBERON:0002143 | UBERON:0001899 | UBERON:0014370 | UBERON:0001875 | UBERON:0034892 | UBERON:0019267 | UBERON:0003876 | UBERON:0001898 | UBERON:0002998 | UBERON:0002127 | UBERON:0002751 | UBERON:0002733 | UBERON:0002886 | UBERON:0007225 | UBERON:0001926 | UBERON:0002736 | UBERON:0002983 | UBERON:0002206 | UBERON:0002739 | UBERON:0007224 | UBERON:0001927 | UBERON:0002272 | UBERON:2000392 | UBERON:0009661 | UBERON:0002314 | UBERON:0002771 | UBERON:0001882 | UBERON:0015233 | UBERON:0007635 | UBERON:0007634 | UBERON:0006083 | UBERON:0004725 | UBERON:0002151 | UBERON:0002573 | UBERON:0003023 | UBERON:0002657 | UBERON:0001928 | UBERON:0001944 | UBERON:0034751 | UBERON:0001384 | UBERON:0008933 | UBERON:0002436 | UBERON:0002981 | UBERON:0001874 | UBERON:0001947 | UBERON:0013531 | UBERON:0034779 | UBERON:0002663 | UBERON:0002240 | UBERON:0023787 | UBERON:0003017 | UBERON:0002038 | UBERON:0001906 | UBERON:0006094 | UBERON:0002769 | UBERON:0001929 | UBERON:0022395 | UBERON:0034774 | UBERON:0002637,,,PATO:0000461,,,,,,,,,,
unk,Human Brain Cell Atlas v1.0,Supercluster: Vascular,,9932,,,Siletti,Science,2023.0,10.1126/science.add7046,https://cellxgene.cziscience.com/collections/283d65eb-dd53-496d-adb7-7570c7caa443,https://cellxgene.cziscience.com/e/0d7f4c06-a6bd-47d2-a42b-3a7196704f77.cxg/,Brodmann (1909) area 13 | Brodmann (1909) area 14 | Brodmann (1909) area 19 | Brodmann (1909) area 23 | Brodmann (1909) area 24 | Brodmann (1909) area 25 | Brodmann (1909) area 32 | Brodmann (1909) area 35 | Brodmann (1909) area 38 | Brodmann (1909) area 40 | Brodmann (1909) area 43 | Brodmann (1909) area 46 | accessory basal amygdaloid nucleus | agranular insular cortex | anterior cortical amygdaloid nucleus | anterior nuclear group | anterior olfactory nucleus | basolateral amygdaloid nuclear complex | bed nucleus of stria terminalis | body of caudate nucleus | central amygdaloid nucleus | centromedian nucleus of thalamus | cerebellar nuclear complex | cerebellar vermis | cerebrocerebellum | claustrum of brain | corticomedial nuclear complex | cuneus cortex | dentate gyrus of hippocampal formation | dorsal tegmental nucleus | epithalamus | extrastriate cortex | globus pallidus | granular insular cortex | gray matter of midbrain | hippocampal field | hypothalamus | inferior frontal gyrus | inferior olivary complex | inferior temporal gyrus | intralaminar nuclear group | lateral amygdaloid nucleus | lateral entorhinal cortex | lateral geniculate body | lateral nuclear group of thalamus | lateral posterior nucleus of thalamus | mammillary body | medial dorsal nucleus of thalamus | medial entorhinal cortex | medial geniculate body | medial zone of hypothalamus | median tuberal portion | midbrain nucleus | midbrain tectum | middle temporal gyrus | nucleus accumbens | nucleus of dorsal thalamus | nucleus of medulla oblongata | parabrachial nucleus | perirhinal cortex | piriform cortex | pontine nuclear group | pontine reticular formation | pontine tegmentum | posterior parahippocampal gyrus | preoptic area | pretectal region | primary auditory cortex | primary motor cortex | primary somatosensory cortex | primary visual cortex | pulvinar nucleus | putamen | red nucleus | retrosplenial region | rostral CA3 | septal nuclear complex | spinal cord | subicular complex | substantia innominata | substantia nigra | subthalamic nucleus | superior parietal cortex | superior temporal gyrus | supraoptic nucleus | temporal fusiform gyrus | uncal CA1 | ventral anterior nucleus of thalamus,normal,283d65eb-dd53-496d-adb7-7570c7caa443,36a4e4dd-d0f4-4b4a-bea8-a173ddafb13f,0d7f4c06-a6bd-47d2-a42b-3a7196704f77,14a02885-c168-4b3d-8775-b1750c828b9f,False,,PUBLIC,Homo sapiens,True,euclidean,True,True,True,https://datasets.cellxgene.cziscience.com/14a02885-c168-4b3d-8775-b1750c828b9f.h5ad,UBERON:0013544 | UBERON:0013545 | UBERON:0013550 | UBERON:0013554 | UBERON:0006101 | UBERON:0013556 | UBERON:0013560 | UBERON:0006102 | UBERON:0006479 | UBERON:0013573 | UBERON:0013561 | UBERON:0006483 | UBERON:0002885 | UBERON:0034893 | UBERON:0034991 | UBERON:0002788 | UBERON:0002266 | UBERON:0006107 | UBERON:0001880 | UBERON:0002630 | UBERON:0002883 | UBERON:0002972 | UBERON:0002130 | UBERON:0004720 | UBERON:0014644 | UBERON:0002023 | UBERON:0006108 | UBERON:0006092 | UBERON:0001885 | UBERON:0002143 | UBERON:0001899 | UBERON:0014370 | UBERON:0001875 | UBERON:0034892 | UBERON:0019267 | UBERON:0003876 | UBERON:0001898 | UBERON:0002998 | UBERON:0002127 | UBERON:0002751 | UBERON:0002733 | UBERON:0002886 | UBERON:0007225 | UBERON:0001926 | UBERON:0002736 | UBERON:0002983 | UBERON:0002206 | UBERON:0002739 | UBERON:0007224 | UBERON:0001927 | UBERON:0002272 | UBERON:2000392 | UBERON:0009661 | UBERON:0002314 | UBERON:0002771 | UBERON:0001882 | UBERON:0015233 | UBERON:0007635 | UBERON:0007634 | UBERON:0006083 | UBERON:0004725 | UBERON:0002151 | UBERON:0002573 | UBERON:0003023 | UBERON:0002657 | UBERON:0001928 | UBERON:0001944 | UBERON:0034751 | UBERON:0001384 | UBERON:0008933 | UBERON:0002436 | UBERON:0002981 | UBERON:0001874 | UBERON:0001947 | UBERON:0013531 | UBERON:0034779 | UBERON:0002663 | UBERON:0002240 | UBERON:0023787 | UBERON:0003017 | UBERON:0002038 | UBERON:0001906 | UBERON:0006094 | UBERON:0002769 | UBERON:0001929 | UBERON:0022395 | UBERON:0034774 | UBERON:0002637,,,PATO:0000461,,,,,,,,,,
unk,Human Brain Cell Atlas v1.0,Supercluster: Upper rhombic lip,,137162,,,Siletti,Science,2023.0,10.1126/science.add7046,https://cellxgene.cziscience.com/collections/283d65eb-dd53-496d-adb7-7570c7caa443,https://cellxgene.cziscience.com/e/04a23820-ffa8-4be5-9f65-64db15631d1e.cxg/,Brodmann (1909) area 19 | Brodmann (1909) area 38 | anterior nuclear group | basolateral amygdaloid nuclear complex | bed nucleus of stria terminalis | body of caudate nucleus | central amygdaloid nucleus | cerebellar nuclear complex | cerebellar vermis | cerebrocerebellum | corticomedial nuclear complex | dentate gyrus of hippocampal formation | dorsal tegmental nucleus | epithalamus | globus pallidus | gray matter of midbrain | hippocampal field | hypothalamus | inferior olivary complex | intralaminar nuclear group | lateral entorhinal cortex | lateral geniculate body | lateral nuclear group of thalamus | lateral posterior nucleus of thalamus | mammillary body | medial dorsal nucleus of thalamus | medial entorhinal cortex | medial geniculate body | medial zone of hypothalamus | midbrain nucleus | midbrain tectum | middle temporal gyrus | nucleus of medulla oblongata | parabrachial nucleus | pontine nuclear group | pontine reticular formation | pontine tegmentum | posterior parahippocampal gyrus | pretectal region | primary motor cortex | pulvinar nucleus | red nucleus | retrosplenial region | septal nuclear complex | spinal cord | substantia innominata | substantia nigra | temporal fusiform gyrus,normal,283d65eb-dd53-496d-adb7-7570c7caa443,36a4e4dd-d0f4-4b4a-bea8-a173ddafb13f,04a23820-ffa8-4be5-9f65-64db15631d1e,55fb42f4-a579-4d92-9eea-76d4bdb7c24d,False,,PUBLIC,Homo sapiens,True,euclidean,True,True,True,https://datasets.cellxgene.cziscience.com/55fb42f4-a579-4d92-9eea-76d4bdb7c24d.h5ad,UBERON:0013550 | UBERON:0006479 | UBERON:0002788 | UBERON:0006107 | UBERON:0001880 | UBERON:0002630 | UBERON:0002883 | UBERON:0002130 | UBERON:0004720 | UBERON:0014644 | UBERON:0006108 | UBERON:0001885 | UBERON:0002143 | UBERON:0001899 | UBERON:0001875 | UBERON:0019267 | UBERON:0003876 | UBERON:0001898 | UBERON:0002127 | UBERON:0002733 | UBERON:0007225 | UBERON:0001926 | UBERON:0002736 | UBERON:0002983 | UBERON:0002206 | UBERON:0002739 | UBERON:0007224 | UBERON:0001927 | UBERON:0002272 | UBERON:0009661 | UBERON:0002314 | UBERON:0002771 | UBERON:0007635 | UBERON:0007634 | UBERON:0002151 | UBERON:0002573 | UBERON:0003023 | UBERON:0002657 | UBERON:0001944 | UBERON:0001384 | UBERON:0002981 | UBERON:0001947 | UBERON:0013531 | UBERON:0002663 | UBERON:0002240 | UBERON:0003017 | UBERON:0002038 | UBERON:0022395,,,PATO:0000461,,,,,,,,,,
unk,Human Brain Cell Atlas v1.0,Supercluster: Upper-layer intratelencephalic,,455006,,,Siletti,Science,2023.0,10.1126/science.add7046,https://cellxgene.cziscience.com/collections/283d65eb-dd53-496d-adb7-7570c7caa443,https://cellxgene.cziscience.com/e/0325478a-9b52-45b5-b40a-2e2ab0d72eb1.cxg/,Brodmann (1909) area 13 | Brodmann (1909) area 14 | Brodmann (1909) area 19 | Brodmann (1909) area 23 | Brodmann (1909) area 24 | Brodmann (1909) area 25 | Brodmann (1909) area 32 | Brodmann (1909) area 38 | Brodmann (1909) area 40 | Brodmann (1909) area 43 | Brodmann (1909) area 46 | accessory basal amygdaloid nucleus | agranular insular cortex | anterior cortical amygdaloid nucleus | anterior nuclear group | anterior olfactory nucleus | basolateral amygdaloid nuclear complex | bed nucleus of stria terminalis | body of caudate nucleus | central amygdaloid nucleus | claustrum of brain | corticomedial nuclear complex | cuneus cortex | dentate gyrus of hippocampal formation | dorsal tegmental nucleus | epithalamus | extrastriate cortex | globus pallidus | granular insular cortex | gray matter of midbrain | hippocampal field | hypothalamus | inferior frontal gyrus | inferior olivary complex | inferior temporal gyrus | intralaminar nuclear group | lateral amygdaloid nucleus | lateral entorhinal cortex | lateral geniculate body | lateral nuclear group of thalamus | lateral posterior nucleus of thalamus | mammillary body | medial dorsal nucleus of thalamus | medial entorhinal cortex | medial geniculate body | medial zone of hypothalamus | midbrain nucleus | midbrain tectum | middle temporal gyrus | nucleus accumbens | nucleus of dorsal thalamus | nucleus of medulla oblongata | parabrachial nucleus | perirhinal cortex | piriform cortex | pontine nuclear group | pontine reticular formation | pontine tegmentum | posterior parahippocampal gyrus | preoptic area | pretectal region | primary auditory cortex | primary motor cortex | primary somatosensory cortex | primary visual cortex | pulvinar nucleus | putamen | red nucleus | retrosplenial region | septal nuclear complex | spinal cord | subicular complex | substantia innominata | substantia nigra | subthalamic nucleus | superior parietal cortex | superior temporal gyrus | supraoptic nucleus | temporal fusiform gyrus | ventral anterior nucleus of thalamus,normal,283d65eb-dd53-496d-adb7-7570c7caa443,36a4e4dd-d0f4-4b4a-bea8-a173ddafb13f,0325478a-9b52-45b5-b40a-2e2ab0d72eb1,c1306d34-6880-4657-9432-62648cbed037,False,,PUBLIC,Homo sapiens,True,euclidean,True,True,True,https://datasets.cellxgene.cziscience.com/c1306d34-6880-4657-9432-62648cbed037.h5ad,UBERON:0013544 | UBERON:0013545 | UBERON:0013550 | UBERON:0013554 | UBERON:0006101 | UBERON:0013556 | UBERON:0013560 | UBERON:0006479 | UBERON:0013573 | UBERON:0013561 | UBERON:0006483 | UBERON:0002885 | UBERON:0034893 | UBERON:0034991 | UBERON:0002788 | UBERON:0002266 | UBERON:0006107 | UBERON:0001880 | UBERON:0002630 | UBERON:0002883 | UBERON:0002023 | UBERON:0006108 | UBERON:0006092 | UBERON:0001885 | UBERON:0002143 | UBERON:0001899 | UBERON:0014370 | UBERON:0001875 | UBERON:0034892 | UBERON:0019267 | UBERON:0003876 | UBERON:0001898 | UBERON:0002998 | UBERON:0002127 | UBERON:0002751 | UBERON:0002733 | UBERON:0002886 | UBERON:0007225 | UBERON:0001926 | UBERON:0002736 | UBERON:0002983 | UBERON:0002206 | UBERON:0002739 | UBERON:0007224 | UBERON:0001927 | UBERON:0002272 | UBERON:0009661 | UBERON:0002314 | UBERON:0002771 | UBERON:0001882 | UBERON:0015233 | UBERON:0007635 | UBERON:0007634 | UBERON:0006083 | UBERON:0004725 | UBERON:0002151 | UBERON:0002573 | UBERON:0003023 | UBERON:0002657 | UBERON:0001928 | UBERON:0001944 | UBERON:0034751 | UBERON:0001384 | UBERON:0008933 | UBERON:0002436 | UBERON:0002981 | UBERON:0001874 | UBERON:0001947 | UBERON:0013531 | UBERON:0002663 | UBERON:0002240 | UBERON:0023787 | UBERON:0003017 | UBERON:0002038 | UBERON:0001906 | UBERON:0006094 | UBERON:0002769 | UBERON:0001929 | UBERON:0022395 | UBERON:0002637,,,PATO:0000461,,,,,,,,,,
unk,Transcriptomic cytoarchitecture reveals principles of human neocortex organization,Supercluster: CGE-derived interneurons,,129495,,,Jorstad,Science,2023.0,10.1126/science.adf6812,https://cellxgene.cziscience.com/collections/d17249d2-0e6e-4500-abb8-e6c93fa1ac6f,https://cellxgene.cziscience.com/e/e4ddac12-f48f-4455-8e8d-c2a48a683437.cxg/,angular gyrus | anterior cingulate cortex | dorsolateral prefrontal cortex | middle temporal gyrus | primary auditory cortex | primary motor cortex | primary somatosensory cortex | primary visual cortex,normal,d17249d2-0e6e-4500-abb8-e6c93fa1ac6f,a098fbf9-5cfb-4126-b928-9acca6552be8,e4ddac12-f48f-4455-8e8d-c2a48a683437,ba88ab2b-385f-45f0-aad2-29a8537567ca,False,,PUBLIC,Homo sapiens,True,euclidean,True,True,True,https://datasets.cellxgene.cziscience.com/ba88ab2b-385f-45f0-aad2-29a8537567ca.h5ad,UBERON:0002686 | UBERON:0009835 | UBERON:0009834 | UBERON:0002771 | UBERON:0034751 | UBERON:0001384 | UBERON:0008933 | UBERON:0002436,,,PATO:0000461,,,,,,,,,,
unk,Transcriptomic cytoarchitecture reveals principles of human neocortex organization,Supercluster: Deep layer (non-IT) excitatory neurons,,92969,,,Jorstad,Science,2023.0,10.1126/science.adf6812,https://cellxgene.cziscience.com/collections/d17249d2-0e6e-4500-abb8-e6c93fa1ac6f,https://cellxgene.cziscience.com/e/d01c9dff-abd1-4825-bf30-2eb2ba74597e.cxg/,angular gyrus | anterior cingulate cortex | dorsolateral prefrontal cortex | middle temporal gyrus | primary auditory cortex | primary motor cortex | primary somatosensory cortex | primary visual cortex,normal,d17249d2-0e6e-4500-abb8-e6c93fa1ac6f,a098fbf9-5cfb-4126-b928-9acca6552be8,d01c9dff-abd1-4825-bf30-2eb2ba74597e,7d67c77b-b1d2-4785-b009-027a34d6125c,False,,PUBLIC,Homo sapiens,True,euclidean,True,True,True,https://datasets.cellxgene.cziscience.com/7d67c77b-b1d2-4785-b009-027a34d6125c.h5ad,UBERON:0002686 | UBERON:0009835 | UBERON:0009834 | UBERON:0002771 | UBERON:0034751 | UBERON:0001384 | UBERON:0008933 | UBERON:0002436,,,PATO:0000461,,,,,,,,,,
unk,Transcriptomic cytoarchitecture reveals principles of human neocortex organization,Supercluster: IT-projecting excitatory neurons,,638941,,,Jorstad,Science,2023.0,10.1126/science.adf6812,https://cellxgene.cziscience.com/collections/d17249d2-0e6e-4500-abb8-e6c93fa1ac6f,https://cellxgene.cziscience.com/e/c3aa4f95-7a18-4a7d-8dd8-ca324d714363.cxg/,angular gyrus | anterior cingulate cortex | dorsolateral prefrontal cortex | middle temporal gyrus | primary auditory cortex | primary motor cortex | primary somatosensory cortex | primary visual cortex,normal,d17249d2-0e6e-4500-abb8-e6c93fa1ac6f,a098fbf9-5cfb-4126-b928-9acca6552be8,c3aa4f95-7a18-4a7d-8dd8-ca324d714363,3bb9be9d-a09c-47e8-a9a4-f05188d32553,False,,PUBLIC,Homo sapiens,True,euclidean,True,True,True,https://datasets.cellxgene.cziscience.com/3bb9be9d-a09c-47e8-a9a4-f05188d32553.h5ad,UBERON:0002686 | UBERON:0009835 | UBERON:0009834 | UBERON:0002771 | UBERON:0034751 | UBERON:0001384 | UBERON:0008933 | UBERON:0002436,,,PATO:0000461,,,,,,,,,,
unk,Transcriptomic cytoarchitecture reveals principles of human neocortex organization,Dissection: Anterior cingulate cortex (ACC),,135462,,,Jorstad,Science,2023.0,10.1126/science.adf6812,https://cellxgene.cziscience.com/collections/d17249d2-0e6e-4500-abb8-e6c93fa1ac6f,https://cellxgene.cziscience.com/e/be401db3-d732-408a-b0c4-71af0458b8ab.cxg/,anterior cingulate cortex,normal,d17249d2-0e6e-4500-abb8-e6c93fa1ac6f,a098fbf9-5cfb-4126-b928-9acca6552be8,be401db3-d732-408a-b0c4-71af0458b8ab,34e09ab7-5a3f-4865-abe7-114949fe354e,False,,PUBLIC,Homo sapiens,True,euclidean,True,True,True,https://datasets.cellxgene.cziscience.com/34e09ab7-5a3f-4865-abe7-114949fe354e.h5ad,UBERON:0009835,,,PATO:0000461,,,,,,,,,,
unk,Transcriptomic cytoarchitecture reveals principles of human neocortex organization,Human Multiple Cortical Areas SMART-seq,,49417,,,Jorstad,Science,2023.0,10.1126/science.adf6812,https://cellxgene.cziscience.com/collections/d17249d2-0e6e-4500-abb8-e6c93fa1ac6f,https://cellxgene.cziscience.com/e/a5d5c529-8a1f-40b5-bda3-35208970070d.cxg/,anterior cingulate gyrus | middle temporal gyrus | primary auditory cortex | primary motor cortex | primary somatosensory cortex | primary visual cortex,normal,d17249d2-0e6e-4500-abb8-e6c93fa1ac6f,a098fbf9-5cfb-4126-b928-9acca6552be8,a5d5c529-8a1f-40b5-bda3-35208970070d,905763d1-e6fc-46d1-be5f-b1b232d14ce2,False,,PUBLIC,Homo sapiens,True,euclidean,True,True,True,https://datasets.cellxgene.cziscience.com/905763d1-e6fc-46d1-be5f-b1b232d14ce2.h5ad,UBERON:0002756 | UBERON:0002771 | UBERON:0034751 | UBERON:0001384 | UBERON:0008933 | UBERON:0002436,,,PATO:0000461,,,,,,,,,,
unk,Transcriptomic cytoarchitecture reveals principles of human neocortex organization,Supercluster: MGE-derived interneurons,,185477,,,Jorstad,Science,2023.0,10.1126/science.adf6812,https://cellxgene.cziscience.com/collections/d17249d2-0e6e-4500-abb8-e6c93fa1ac6f,https://cellxgene.cziscience.com/e/9c63201d-bfd9-41a8-bbbc-18d947556f3d.cxg/,angular gyrus | anterior cingulate cortex | dorsolateral prefrontal cortex | middle temporal gyrus | primary auditory cortex | primary motor cortex | primary somatosensory cortex | primary visual cortex,normal,d17249d2-0e6e-4500-abb8-e6c93fa1ac6f,a098fbf9-5cfb-4126-b928-9acca6552be8,9c63201d-bfd9-41a8-bbbc-18d947556f3d,0b8a9eb3-3e5f-43ea-86aa-baa5cc80c482,False,,PUBLIC,Homo sapiens,True,euclidean,True,True,True,https://datasets.cellxgene.cziscience.com/0b8a9eb3-3e5f-43ea-86aa-baa5cc80c482.h5ad,UBERON:0002686 | UBERON:0009835 | UBERON:0009834 | UBERON:0002771 | UBERON:0034751 | UBERON:0001384 | UBERON:0008933 | UBERON:0002436,,,PATO:0000461,,,,,,,,,,
unk,Transcriptomic cytoarchitecture reveals principles of human neocortex organization,Dissection: Primary somatosensory cortex (S1),,153159,,,Jorstad,Science,2023.0,10.1126/science.adf6812,https://cellxgene.cziscience.com/collections/d17249d2-0e6e-4500-abb8-e6c93fa1ac6f,https://cellxgene.cziscience.com/e/93cb76aa-a84b-4a92-8e6c-66a914e26d4c.cxg/,primary somatosensory cortex,normal,d17249d2-0e6e-4500-abb8-e6c93fa1ac6f,a098fbf9-5cfb-4126-b928-9acca6552be8,93cb76aa-a84b-4a92-8e6c-66a914e26d4c,1a4e172f-2f6a-46d5-b16b-2a3815eb15eb,False,,PUBLIC,Homo sapiens,True,euclidean,True,True,True,https://datasets.cellxgene.cziscience.com/1a4e172f-2f6a-46d5-b16b-2a3815eb15eb.h5ad,UBERON:0008933,,,PATO:0000461,,,,,,,,,,
unk,Transcriptomic cytoarchitecture reveals principles of human neocortex organization,Dissection: Dorsolateral prefrontal cortex (DFC),,113339,,,Jorstad,Science,2023.0,10.1126/science.adf6812,https://cellxgene.cziscience.com/collections/d17249d2-0e6e-4500-abb8-e6c93fa1ac6f,https://cellxgene.cziscience.com/e/716a4acc-919e-4326-9672-ebe06ede84e6.cxg/,dorsolateral prefrontal cortex,normal,d17249d2-0e6e-4500-abb8-e6c93fa1ac6f,a098fbf9-5cfb-4126-b928-9acca6552be8,716a4acc-919e-4326-9672-ebe06ede84e6,7d0d1288-7aad-4225-bce4-74a551078803,False,,PUBLIC,Homo sapiens,True,euclidean,True,True,True,https://datasets.cellxgene.cziscience.com/7d0d1288-7aad-4225-bce4-74a551078803.h5ad,UBERON:0009834,,,PATO:0000461,,,,,,,,,,
unk,Transcriptomic cytoarchitecture reveals principles of human neocortex organization,Dissection: Primary motor cortex (M1),,114605,,,Jorstad,Science,2023.0,10.1126/science.adf6812,https://cellxgene.cziscience.com/collections/d17249d2-0e6e-4500-abb8-e6c93fa1ac6f,https://cellxgene.cziscience.com/e/5bdc423a-59e6-457d-aa01-debd2c9c564f.cxg/,primary motor cortex,normal,d17249d2-0e6e-4500-abb8-e6c93fa1ac6f,a098fbf9-5cfb-4126-b928-9acca6552be8,5bdc423a-59e6-457d-aa01-debd2c9c564f,cd53eef3-1db2-4d0f-adf7-89946ea5cd7d,False,,PUBLIC,Homo sapiens,True,euclidean,True,True,True,https://datasets.cellxgene.cziscience.com/cd53eef3-1db2-4d0f-adf7-89946ea5cd7d.h5ad,UBERON:0001384,,,PATO:0000461,,,,,,,,,,
unk,Transcriptomic cytoarchitecture reveals principles of human neocortex organization,Supercluster: Non-neuronal cells,,108940,,,Jorstad,Science,2023.0,10.1126/science.adf6812,https://cellxgene.cziscience.com/collections/d17249d2-0e6e-4500-abb8-e6c93fa1ac6f,https://cellxgene.cziscience.com/e/5346f9c6-755e-4336-94cc-38706ec00c2f.cxg/,angular gyrus | anterior cingulate cortex | dorsolateral prefrontal cortex | middle temporal gyrus | primary auditory cortex | primary motor cortex | primary somatosensory cortex | primary visual cortex,normal,d17249d2-0e6e-4500-abb8-e6c93fa1ac6f,a098fbf9-5cfb-4126-b928-9acca6552be8,5346f9c6-755e-4336-94cc-38706ec00c2f,8b7fdf9f-1fa3-4808-8fcc-a5a5122069ec,False,,PUBLIC,Homo sapiens,True,euclidean,True,True,True,https://datasets.cellxgene.cziscience.com/8b7fdf9f-1fa3-4808-8fcc-a5a5122069ec.h5ad,UBERON:0002686 | UBERON:0009835 | UBERON:0009834 | UBERON:0002771 | UBERON:0034751 | UBERON:0001384 | UBERON:0008933 | UBERON:0002436,,,PATO:0000461,,,,,,,,,,
unk,Molecular and cellular dynamics of the developing human neocortex at single-cell resolution,snMultiome data of the developing human neocortex,,232328,,,Wang,Nature,2025.0,10.1038/s41586-024-08351-7,https://cellxgene.cziscience.com/collections/ad2149fc-19c5-41de-8cfe-44710fbada73,https://cellxgene.cziscience.com/e/aa369999-a034-4ad9-b459-8a93c86ea77b.cxg/,Brodmann (1909) area 10 | Brodmann (1909) area 17 | Brodmann (1909) area 9 | forebrain | neocortex | prefrontal cortex | telencephalon | visual cortex,normal,ad2149fc-19c5-41de-8cfe-44710fbada73,09f31488-2308-453a-9ac0-7ac7d9ccd2a4,aa369999-a034-4ad9-b459-8a93c86ea77b,a4310202-4dc8-4e1b-a96d-d9675f5b14d1,False,,PUBLIC,Homo sapiens,True,euclidean,True,True,True,https://datasets.cellxgene.cziscience.com/a4310202-4dc8-4e1b-a96d-d9675f5b14d1.h5ad,UBERON:0013541 | UBERON:8440010 | UBERON:0013540 | UBERON:0001890 | UBERON:0001950 | UBERON:0000451 | UBERON:0001893 | UBERON:0000411,,,PATO:0000461,,,,,,,,,,
unk,Human developing neocortex by area,Second Trimester Human Developing Brain Regions and Cortical Areas,,457965,,,Bhaduri,Nature,2021.0,10.1038/s41586-021-03910-8,https://cellxgene.cziscience.com/collections/c8565c6a-01a1-435b-a549-f11b452a83a8,https://cellxgene.cziscience.com/e/ae4f8ddd-cac9-4172-9681-2175da462f2e.cxg/,parietal cortex | prefrontal cortex | primary motor cortex | primary somatosensory cortex | primary visual cortex | temporal cortex,normal,c8565c6a-01a1-435b-a549-f11b452a83a8,7ca9aaf1-96aa-44fb-82e8-37c64a003c8a,ae4f8ddd-cac9-4172-9681-2175da462f2e,78cf8dfa-3bca-44bd-8207-997118dfd15d,False,,PUBLIC,Homo sapiens,True,euclidean,True,True,True,https://datasets.cellxgene.cziscience.com/78cf8dfa-3bca-44bd-8207-997118dfd15d.h5ad,UBERON:0016530 | UBERON:0000451 | UBERON:0001384 | UBERON:0008933 | UBERON:0002436 | UBERON:0016538,,,PATO:0000461,,,,,,,,,,
unk,ALS motor cortex and spinal cord single-nucleus multiome dataset,Brain dataset,,75583,,,Takeuchi,Brain,2025.0,10.1093/brain/awaf426,https://cellxgene.cziscience.com/collections/0986e4cd-7a58-405d-9b91-4b199bb4124e,https://cellxgene.cziscience.com/e/e2a00644-0a48-4815-ae87-d562045114f5.cxg/,primary motor cortex,amyotrophic lateral sclerosis | normal,0986e4cd-7a58-405d-9b91-4b199bb4124e,6d84d386-9c63-4c1a-bc06-adea84f45908,e2a00644-0a48-4815-ae87-d562045114f5,a1ccad25-1438-41f6-a09e-d4960ca36b67,False,,PUBLIC,Homo sapiens,True,euclidean,True,True,True,https://datasets.cellxgene.cziscience.com/a1ccad25-1438-41f6-a09e-d4960ca36b67.h5ad,UBERON:0001384,,,MONDO:0004976 | PATO:0000461,,,,,,,,,,
unk,A multi-region single nucleus transcriptomic atlas of Parkinson’s disease,Parkinson's disease,,2096155,,,N. M.,Sci Data,2024.0,10.1038/s41597-024-04117-y,https://cellxgene.cziscience.com/collections/d5d0df8f-4eee-49d8-a221-a288f50a1590,https://cellxgene.cziscience.com/e/d3cb449b-c2b1-4b50-a7f1-21203535fe61.cxg/,dorsal motor nucleus of vagus nerve | medial globus pallidus | prefrontal cortex | primary motor cortex | primary visual cortex,Parkinson disease | normal,d5d0df8f-4eee-49d8-a221-a288f50a1590,67790e77-8131-47fe-abd4-384d38660201,d3cb449b-c2b1-4b50-a7f1-21203535fe61,0270e5e5-ce1d-4165-828e-699210189a92,False,,PUBLIC,Homo sapiens,True,euclidean,True,True,True,https://datasets.cellxgene.cziscience.com/0270e5e5-ce1d-4165-828e-699210189a92.h5ad,UBERON:0002870 | UBERON:0002477 | UBERON:0000451 | UBERON:0001384 | UBERON:0002436,,,MONDO:0005180 | PATO:0000461,,,,,,,,,,
unk,Comprehensive cell atlas of the first-trimester developing human brain,ClassImmune,,8102,,,Braun,Science,2023.0,10.1126/science.adf1226,https://cellxgene.cziscience.com/collections/4d8fed08-2d6d-4692-b5ea-464f1d072077,https://cellxgene.cziscience.com/e/ea7b95cf-1967-4431-9ee8-ec85ff793360.cxg/,basal forebrain | brain | caudate-putamen | cerebellar peduncular complex | cerebellum | cerebral subcortex | choroid plexus epithelium | cortex | diencephalon | dorsal plus ventral thalamus | entorhinal cortex | forebrain | frontal cortex | head | hindbrain | hippocampal formation | hypothalamus | lower layers of the cortex | medulla oblongata | metencephalon | midbrain | midbrain tectum | occipital cortex | pons | striatum | telencephalon | upper layers of the cortex,normal,4d8fed08-2d6d-4692-b5ea-464f1d072077,1d65edf7-74cc-4af8-a3d7-2b59ff02ee90,ea7b95cf-1967-4431-9ee8-ec85ff793360,bbeed4eb-3b42-43f0-a3ef-4e7ab37bd6f1,False,,PUBLIC,Homo sapiens,True,euclidean,True,True,True,https://datasets.cellxgene.cziscience.com/bbeed4eb-3b42-43f0-a3ef-4e7ab37bd6f1.h5ad,UBERON:0002743 | UBERON:0000955 | UBERON:0005383 | UBERON:0002474 | UBERON:0002037 | UBERON:0000454 | UBERON:0003911 | UBERON:0001851 | UBERON:0001894 | UBERON:0001897 | UBERON:0002728 | UBERON:0001890 | UBERON:0001870 | UBERON:0000033 | UBERON:0002028 | UBERON:0002421 | UBERON:0001898 | UBERON:8440051 | UBERON:0001896 | UBERON:0001895 | UBERON:0001891 | UBERON:0002314 | UBERON:0016540 | UBERON:0000988 | UBERON:0002435 | UBERON:0001893 | UBERON:8440044,,,PATO:0000461,,,,,,,,,,
unk,Comprehensive cell atlas of the first-trimester developing human brain,ClassFibroblast,,19161,,,Braun,Science,2023.0,10.1126/science.adf1226,https://cellxgene.cziscience.com/collections/4d8fed08-2d6d-4692-b5ea-464f1d072077,https://cellxgene.cziscience.com/e/ea251de5-c764-4f7c-add0-8141b1061faf.cxg/,basal forebrain | brain | cerebellar peduncular complex | cerebellum | cerebral subcortex | cortex | dorsal plus ventral thalamus | forebrain | head | hindbrain | hippocampal formation | hypothalamus | lower layers of the cortex | medulla oblongata | metencephalon | midbrain | midbrain tectum | occipital cortex | pons | upper layers of the cortex,normal,4d8fed08-2d6d-4692-b5ea-464f1d072077,1d65edf7-74cc-4af8-a3d7-2b59ff02ee90,ea251de5-c764-4f7c-add0-8141b1061faf,b9fbe872-910d-4e2b-9c2d-e5c9b25f1d87,False,,PUBLIC,Homo sapiens,True,euclidean,True,True,True,https://datasets.cellxgene.cziscience.com/b9fbe872-910d-4e2b-9c2d-e5c9b25f1d87.h5ad,UBERON:0002743 | UBERON:0000955 | UBERON:0002474 | UBERON:0002037 | UBERON:0000454 | UBERON:0001851 | UBERON:0001897 | UBERON:0001890 | UBERON:0000033 | UBERON:0002028 | UBERON:0002421 | UBERON:0001898 | UBERON:8440051 | UBERON:0001896 | UBERON:0001895 | UBERON:0001891 | UBERON:0002314 | UBERON:0016540 | UBERON:0000988 | UBERON:8440044,,,PATO:0000461,,,,,,,,,,
unk,Comprehensive cell atlas of the first-trimester developing human brain,ClassNeuroblast,,285699,,,Braun,Science,2023.0,10.1126/science.adf1226,https://cellxgene.cziscience.com/collections/4d8fed08-2d6d-4692-b5ea-464f1d072077,https://cellxgene.cziscience.com/e/e59a4394-80db-42e4-85e6-8f0e59b81f42.cxg/,basal forebrain | brain | caudate-putamen | cerebellar peduncular complex | cerebellum | cerebral subcortex | choroid plexus epithelium | cortex | diencephalon | dorsal plus ventral thalamus | entorhinal cortex | forebrain | frontal cortex | head | hindbrain | hippocampal formation | hypothalamus | lower layers of the cortex | medulla oblongata | metencephalon | midbrain | midbrain tectum | occipital cortex | pons | striatum | telencephalon | upper layers of the cortex,normal,4d8fed08-2d6d-4692-b5ea-464f1d072077,1d65edf7-74cc-4af8-a3d7-2b59ff02ee90,e59a4394-80db-42e4-85e6-8f0e59b81f42,10d36870-cb38-45ab-bb97-583849b5c257,False,,PUBLIC,Homo sapiens,True,euclidean,True,True,True,https://datasets.cellxgene.cziscience.com/10d36870-cb38-45ab-bb97-583849b5c257.h5ad,UBERON:0002743 | UBERON:0000955 | UBERON:0005383 | UBERON:0002474 | UBERON:0002037 | UBERON:0000454 | UBERON:0003911 | UBERON:0001851 | UBERON:0001894 | UBERON:0001897 | UBERON:0002728 | UBERON:0001890 | UBERON:0001870 | UBERON:0000033 | UBERON:0002028 | UBERON:0002421 | UBERON:0001898 | UBERON:8440051 | UBERON:0001896 | UBERON:0001895 | UBERON:0001891 | UBERON:0002314 | UBERON:0016540 | UBERON:0000988 | UBERON:0002435 | UBERON:0001893 | UBERON:8440044,,,PATO:0000461,,,,,,,,,,
unk,Comprehensive cell atlas of the first-trimester developing human brain,ClassGlioblastOligo,,138610,,,Braun,Science,2023.0,10.1126/science.adf1226,https://cellxgene.cziscience.com/collections/4d8fed08-2d6d-4692-b5ea-464f1d072077,https://cellxgene.cziscience.com/e/b15ec84b-46e9-4678-b511-a0f81f9b545b.cxg/,basal forebrain | brain | caudate-putamen | cerebellar peduncular complex | cerebellum | cerebral subcortex | cortex | diencephalon | dorsal plus ventral thalamus | entorhinal cortex | forebrain | frontal cortex | hindbrain | hippocampal formation | hypothalamus | lower layers of the cortex | medulla oblongata | metencephalon | midbrain | midbrain tectum | occipital cortex | pons | striatum | telencephalon | upper layers of the cortex,normal,4d8fed08-2d6d-4692-b5ea-464f1d072077,1d65edf7-74cc-4af8-a3d7-2b59ff02ee90,b15ec84b-46e9-4678-b511-a0f81f9b545b,903238ed-1c9a-4770-a3ac-987d06d503d3,False,,PUBLIC,Homo sapiens,True,euclidean,True,True,True,https://datasets.cellxgene.cziscience.com/903238ed-1c9a-4770-a3ac-987d06d503d3.h5ad,UBERON:0002743 | UBERON:0000955 | UBERON:0005383 | UBERON:0002474 | UBERON:0002037 | UBERON:0000454 | UBERON:0001851 | UBERON:0001894 | UBERON:0001897 | UBERON:0002728 | UBERON:0001890 | UBERON:0001870 | UBERON:0002028 | UBERON:0002421 | UBERON:0001898 | UBERON:8440051 | UBERON:0001896 | UBERON:0001895 | UBERON:0001891 | UBERON:0002314 | UBERON:0016540 | UBERON:0000988 | UBERON:0002435 | UBERON:0001893 | UBERON:8440044,,,PATO:0000461,,,,,,,,,,
unk,Comprehensive cell atlas of the first-trimester developing human brain,ClassOligo,,6190,,,Braun,Science,2023.0,10.1126/science.adf1226,https://cellxgene.cziscience.com/collections/4d8fed08-2d6d-4692-b5ea-464f1d072077,https://cellxgene.cziscience.com/e/91b2327d-e3f3-4f63-b446-20774d20fc33.cxg/,basal forebrain | brain | caudate-putamen | cerebellar peduncular complex | cerebellum | cerebral subcortex | cortex | dorsal plus ventral thalamus | entorhinal cortex | forebrain | frontal cortex | hindbrain | hippocampal formation | hypothalamus | lower layers of the cortex | medulla oblongata | metencephalon | midbrain | midbrain tectum | occipital cortex | pons | striatum | upper layers of the cortex,normal,4d8fed08-2d6d-4692-b5ea-464f1d072077,1d65edf7-74cc-4af8-a3d7-2b59ff02ee90,91b2327d-e3f3-4f63-b446-20774d20fc33,983f502d-016d-412d-b9fe-9949e5d2f116,False,,PUBLIC,Homo sapiens,True,euclidean,True,True,True,https://datasets.cellxgene.cziscience.com/983f502d-016d-412d-b9fe-9949e5d2f116.h5ad,UBERON:0002743 | UBERON:0000955 | UBERON:0005383 | UBERON:0002474 | UBERON:0002037 | UBERON:0000454 | UBERON:0001851 | UBERON:0001897 | UBERON:0002728 | UBERON:0001890 | UBERON:0001870 | UBERON:0002028 | UBERON:0002421 | UBERON:0001898 | UBERON:8440051 | UBERON:0001896 | UBERON:0001895 | UBERON:0001891 | UBERON:0002314 | UBERON:0016540 | UBERON:0000988 | UBERON:0002435 | UBERON:8440044,,,PATO:0000461,,,,,,,,,,
unk,Comprehensive cell atlas of the first-trimester developing human brain,ClassErythrocyte,,8959,,,Braun,Science,2023.0,10.1126/science.adf1226,https://cellxgene.cziscience.com/collections/4d8fed08-2d6d-4692-b5ea-464f1d072077,https://cellxgene.cziscience.com/e/8775a6c6-b960-43ae-9f76-45c4acda3621.cxg/,basal forebrain | brain | caudate-putamen | cerebellar peduncular complex | cerebellum | cerebral subcortex | choroid plexus epithelium | cortex | diencephalon | dorsal plus ventral thalamus | entorhinal cortex | forebrain | frontal cortex | head | hindbrain | hippocampal formation | hypothalamus | lower layers of the cortex | medulla oblongata | metencephalon | midbrain | midbrain tectum | occipital cortex | pons | striatum | telencephalon | upper layers of the cortex,normal,4d8fed08-2d6d-4692-b5ea-464f1d072077,1d65edf7-74cc-4af8-a3d7-2b59ff02ee90,8775a6c6-b960-43ae-9f76-45c4acda3621,e7d61ad9-e039-47e7-a98c-73e8f992c5a2,False,,PUBLIC,Homo sapiens,True,euclidean,True,True,True,https://datasets.cellxgene.cziscience.com/e7d61ad9-e039-47e7-a98c-73e8f992c5a2.h5ad,UBERON:0002743 | UBERON:0000955 | UBERON:0005383 | UBERON:0002474 | UBERON:0002037 | UBERON:0000454 | UBERON:0003911 | UBERON:0001851 | UBERON:0001894 | UBERON:0001897 | UBERON:0002728 | UBERON:0001890 | UBERON:0001870 | UBERON:0000033 | UBERON:0002028 | UBERON:0002421 | UBERON:0001898 | UBERON:8440051 | UBERON:0001896 | UBERON:0001895 | UBERON:0001891 | UBERON:0002314 | UBERON:0016540 | UBERON:0000988 | UBERON:0002435 | UBERON:0001893 | UBERON:8440044,,,PATO:0000461,,,,,,,,,,
unk,Comprehensive cell atlas of the first-trimester developing human brain,Telencephalon,,377022,,,Braun,Science,2023.0,10.1126/science.adf1226,https://cellxgene.cziscience.com/collections/4d8fed08-2d6d-4692-b5ea-464f1d072077,https://cellxgene.cziscience.com/e/675873e1-3f1d-4bd5-9fad-3ce8a5ad98e1.cxg/,caudate-putamen | choroid plexus epithelium | cortex | entorhinal cortex | forebrain | frontal cortex | hippocampal formation | lower layers of the cortex | occipital cortex | striatum | telencephalon | upper layers of the cortex,normal,4d8fed08-2d6d-4692-b5ea-464f1d072077,1d65edf7-74cc-4af8-a3d7-2b59ff02ee90,675873e1-3f1d-4bd5-9fad-3ce8a5ad98e1,d247ed2d-eb4b-4abe-a3d4-65afcde97a29,False,,PUBLIC,Homo sapiens,True,euclidean,True,True,True,https://datasets.cellxgene.cziscience.com/d247ed2d-eb4b-4abe-a3d4-65afcde97a29.h5ad,UBERON:0005383 | UBERON:0003911 | UBERON:0001851 | UBERON:0002728 | UBERON:0001890 | UBERON:0001870 | UBERON:0002421 | UBERON:8440051 | UBERON:0016540 | UBERON:0002435 | UBERON:0001893 | UBERON:8440044,,,PATO:0000461,,,,,,,,,,
unk,Comprehensive cell atlas of the first-trimester developing human brain,ClassNeuralCrest,,871,,,Braun,Science,2023.0,10.1126/science.adf1226,https://cellxgene.cziscience.com/collections/4d8fed08-2d6d-4692-b5ea-464f1d072077,https://cellxgene.cziscience.com/e/6701d782-76f2-40e6-82f1-495350dd9a63.cxg/,basal forebrain | cerebellar peduncular complex | cerebellum | cerebral subcortex | cortex | forebrain | head | hindbrain | hypothalamus | lower layers of the cortex | medulla oblongata | metencephalon | midbrain | pons | striatum,normal,4d8fed08-2d6d-4692-b5ea-464f1d072077,1d65edf7-74cc-4af8-a3d7-2b59ff02ee90,6701d782-76f2-40e6-82f1-495350dd9a63,66f033db-2260-49c8-8f1a-eb63bb3d2d20,False,,PUBLIC,Homo sapiens,True,euclidean,True,True,True,https://datasets.cellxgene.cziscience.com/66f033db-2260-49c8-8f1a-eb63bb3d2d20.h5ad,UBERON:0002743 | UBERON:0002474 | UBERON:0002037 | UBERON:0000454 | UBERON:0001851 | UBERON:0001890 | UBERON:0000033 | UBERON:0002028 | UBERON:0001898 | UBERON:8440051 | UBERON:0001896 | UBERON:0001895 | UBERON:0001891 | UBERON:0000988 | UBERON:0002435,,,PATO:0000461,,,,,,,,,,
unk,Comprehensive cell atlas of the first-trimester developing human brain,ClassRadialGlia,,519908,,,Braun,Science,2023.0,10.1126/science.adf1226,https://cellxgene.cziscience.com/collections/4d8fed08-2d6d-4692-b5ea-464f1d072077,https://cellxgene.cziscience.com/e/598100f7-01da-4de4-998a-05917fd6c446.cxg/,basal forebrain | brain | caudate-putamen | cerebellar peduncular complex | cerebellum | cerebral subcortex | choroid plexus epithelium | cortex | diencephalon | dorsal plus ventral thalamus | entorhinal cortex | forebrain | frontal cortex | head | hindbrain | hippocampal formation | hypothalamus | lower layers of the cortex | medulla oblongata | metencephalon | midbrain | midbrain tectum | occipital cortex | pons | striatum | telencephalon | upper layers of the cortex,normal,4d8fed08-2d6d-4692-b5ea-464f1d072077,1d65edf7-74cc-4af8-a3d7-2b59ff02ee90,598100f7-01da-4de4-998a-05917fd6c446,e9697a7a-f6fd-4011-994e-2bc116a0000e,False,,PUBLIC,Homo sapiens,True,euclidean,True,True,True,https://datasets.cellxgene.cziscience.com/e9697a7a-f6fd-4011-994e-2bc116a0000e.h5ad,UBERON:0002743 | UBERON:0000955 | UBERON:0005383 | UBERON:0002474 | UBERON:0002037 | UBERON:0000454 | UBERON:0003911 | UBERON:0001851 | UBERON:0001894 | UBERON:0001897 | UBERON:0002728 | UBERON:0001890 | UBERON:0001870 | UBERON:0000033 | UBERON:0002028 | UBERON:0002421 | UBERON:0001898 | UBERON:8440051 | UBERON:0001896 | UBERON:0001895 | UBERON:0001891 | UBERON:0002314 | UBERON:0016540 | UBERON:0000988 | UBERON:0002435 | UBERON:0001893 | UBERON:8440044,,,PATO:0000461,,,,,,,,,,
unk,Comprehensive cell atlas of the first-trimester developing human brain,ClassNeuronalIPC,,110260,,,Braun,Science,2023.0,10.1126/science.adf1226,https://cellxgene.cziscience.com/collections/4d8fed08-2d6d-4692-b5ea-464f1d072077,https://cellxgene.cziscience.com/e/48c4a72a-bc2a-4d7c-9146-a7c2ab1d7d9f.cxg/,basal forebrain | brain | caudate-putamen | cerebellar peduncular complex | cerebellum | cerebral subcortex | choroid plexus epithelium | cortex | diencephalon | dorsal plus ventral thalamus | entorhinal cortex | forebrain | frontal cortex | head | hindbrain | hippocampal formation | hypothalamus | lower layers of the cortex | medulla oblongata | metencephalon | midbrain | midbrain tectum | occipital cortex | pons | striatum | telencephalon | upper layers of the cortex,normal,4d8fed08-2d6d-4692-b5ea-464f1d072077,1d65edf7-74cc-4af8-a3d7-2b59ff02ee90,48c4a72a-bc2a-4d7c-9146-a7c2ab1d7d9f,f7a29bcc-4de8-4c01-9d1d-eab9ac28f222,False,,PUBLIC,Homo sapiens,True,euclidean,True,True,True,https://datasets.cellxgene.cziscience.com/f7a29bcc-4de8-4c01-9d1d-eab9ac28f222.h5ad,UBERON:0002743 | UBERON:0000955 | UBERON:0005383 | UBERON:0002474 | UBERON:0002037 | UBERON:0000454 | UBERON:0003911 | UBERON:0001851 | UBERON:0001894 | UBERON:0001897 | UBERON:0002728 | UBERON:0001890 | UBERON:0001870 | UBERON:0000033 | UBERON:0002028 | UBERON:0002421 | UBERON:0001898 | UBERON:8440051 | UBERON:0001896 | UBERON:0001895 | UBERON:0001891 | UBERON:0002314 | UBERON:0016540 | UBERON:0000988 | UBERON:0002435 | UBERON:0001893 | UBERON:8440044,,,PATO:0000461,,,,,,,,,,
unk,Comprehensive cell atlas of the first-trimester developing human brain,ClassNeuron,,561754,,,Braun,Science,2023.0,10.1126/science.adf1226,https://cellxgene.cziscience.com/collections/4d8fed08-2d6d-4692-b5ea-464f1d072077,https://cellxgene.cziscience.com/e/1b52ee22-c71a-4a0f-a4d2-c1be36d0b82a.cxg/,basal forebrain | brain | caudate-putamen | cerebellar peduncular complex | cerebellum | cerebral subcortex | choroid plexus epithelium | cortex | diencephalon | dorsal plus ventral thalamus | entorhinal cortex | forebrain | frontal cortex | head | hindbrain | hippocampal formation | hypothalamus | lower layers of the cortex | medulla oblongata | metencephalon | midbrain | midbrain tectum | occipital cortex | pons | striatum | telencephalon | upper layers of the cortex,normal,4d8fed08-2d6d-4692-b5ea-464f1d072077,1d65edf7-74cc-4af8-a3d7-2b59ff02ee90,1b52ee22-c71a-4a0f-a4d2-c1be36d0b82a,489b22f6-61cd-4ec2-a48b-390bd0a00f80,False,,PUBLIC,Homo sapiens,True,euclidean,True,True,True,https://datasets.cellxgene.cziscience.com/489b22f6-61cd-4ec2-a48b-390bd0a00f80.h5ad,UBERON:0002743 | UBERON:0000955 | UBERON:0005383 | UBERON:0002474 | UBERON:0002037 | UBERON:0000454 | UBERON:0003911 | UBERON:0001851 | UBERON:0001894 | UBERON:0001897 | UBERON:0002728 | UBERON:0001890 | UBERON:0001870 | UBERON:0000033 | UBERON:0002028 | UBERON:0002421 | UBERON:0001898 | UBERON:8440051 | UBERON:0001896 | UBERON:0001895 | UBERON:0001891 | UBERON:0002314 | UBERON:0016540 | UBERON:0000988 | UBERON:0002435 | UBERON:0001893 | UBERON:8440044,,,PATO:0000461,,,,,,,,,,
unk,Comprehensive cell atlas of the first-trimester developing human brain,All,,1665937,,,Braun,Science,2023.0,10.1126/science.adf1226,https://cellxgene.cziscience.com/collections/4d8fed08-2d6d-4692-b5ea-464f1d072077,https://cellxgene.cziscience.com/e/13149914-ea03-4f01-8bf6-b793b667127b.cxg/,basal forebrain | brain | caudate-putamen | cerebellar peduncular complex | cerebellum | cerebral subcortex | choroid plexus epithelium | cortex | diencephalon | dorsal plus ventral thalamus | entorhinal cortex | forebrain | frontal cortex | head | hindbrain | hippocampal formation | hypothalamus | lower layers of the cortex | medulla oblongata | metencephalon | midbrain | midbrain tectum | occipital cortex | pons | striatum | telencephalon | upper layers of the cortex,normal,4d8fed08-2d6d-4692-b5ea-464f1d072077,1d65edf7-74cc-4af8-a3d7-2b59ff02ee90,13149914-ea03-4f01-8bf6-b793b667127b,52ff91e6-8c26-45ae-9003-542dada98506,False,,PUBLIC,Homo sapiens,True,euclidean,True,True,True,https://datasets.cellxgene.cziscience.com/52ff91e6-8c26-45ae-9003-542dada98506.h5ad,UBERON:0002743 | UBERON:0000955 | UBERON:0005383 | UBERON:0002474 | UBERON:0002037 | UBERON:0000454 | UBERON:0003911 | UBERON:0001851 | UBERON:0001894 | UBERON:0001897 | UBERON:0002728 | UBERON:0001890 | UBERON:0001870 | UBERON:0000033 | UBERON:0002028 | UBERON:0002421 | UBERON:0001898 | UBERON:8440051 | UBERON:0001896 | UBERON:0001895 | UBERON:0001891 | UBERON:0002314 | UBERON:0016540 | UBERON:0000988 | UBERON:0002435 | UBERON:0001893 | UBERON:8440044,,,PATO:0000461,,,,,,,,,,
unk,Comprehensive cell atlas of the first-trimester developing human brain,ClassGlioblast,,132420,,,Braun,Science,2023.0,10.1126/science.adf1226,https://cellxgene.cziscience.com/collections/4d8fed08-2d6d-4692-b5ea-464f1d072077,https://cellxgene.cziscience.com/e/059022cf-885a-4ef8-944b-d9e5381aa1c6.cxg/,basal forebrain | brain | caudate-putamen | cerebellar peduncular complex | cerebellum | cerebral subcortex | cortex | diencephalon | dorsal plus ventral thalamus | entorhinal cortex | forebrain | frontal cortex | hindbrain | hippocampal formation | hypothalamus | lower layers of the cortex | medulla oblongata | metencephalon | midbrain | midbrain tectum | occipital cortex | pons | striatum | telencephalon | upper layers of the cortex,normal,4d8fed08-2d6d-4692-b5ea-464f1d072077,1d65edf7-74cc-4af8-a3d7-2b59ff02ee90,059022cf-885a-4ef8-944b-d9e5381aa1c6,0713fbc5-51d9-441a-9ffc-36e306050492,False,,PUBLIC,Homo sapiens,True,euclidean,True,True,True,https://datasets.cellxgene.cziscience.com/0713fbc5-51d9-441a-9ffc-36e306050492.h5ad,UBERON:0002743 | UBERON:0000955 | UBERON:0005383 | UBERON:0002474 | UBERON:0002037 | UBERON:0000454 | UBERON:0001851 | UBERON:0001894 | UBERON:0001897 | UBERON:0002728 | UBERON:0001890 | UBERON:0001870 | UBERON:0002028 | UBERON:0002421 | UBERON:0001898 | UBERON:8440051 | UBERON:0001896 | UBERON:0001895 | UBERON:0001891 | UBERON:0002314 | UBERON:0016540 | UBERON:0000988 | UBERON:0002435 | UBERON:0001893 | UBERON:8440044,,,PATO:0000461,,,,,,,,,,
unk,Simultaneous profiling of transcription and chromatin accessibility at the single-cell level for postnatal human brain development,Postnatal human brain development: RNA,,101924,,,Clarence,Nat Genet,2025.0,10.1038/s41588-025-02083-8,https://cellxgene.cziscience.com/collections/f406a653-c079-4bf9-aab6-85846c27571d,https://cellxgene.cziscience.com/e/56a4bc14-9407-45fd-8786-f7f6fc87c9dd.cxg/,anterior cingulate cortex | caudate nucleus | dorsolateral prefrontal cortex | hippocampal formation,normal,f406a653-c079-4bf9-aab6-85846c27571d,90bc1676-3a85-4889-98c8-4f257decf7f9,56a4bc14-9407-45fd-8786-f7f6fc87c9dd,e6ef2a07-1b8e-49a8-a771-15b81971eac7,False,,PUBLIC,Homo sapiens,True,euclidean,True,True,True,https://datasets.cellxgene.cziscience.com/e6ef2a07-1b8e-49a8-a771-15b81971eac7.h5ad,UBERON:0009835 | UBERON:0001873 | UBERON:0009834 | UBERON:0002421,,,PATO:0000461,,,,,,,,,,
unk,Single-nucleus transcriptome analysis reveals cell-type-specific molecular signatures across reward circuitry in the human brain,SACC region,,15669,,,Tran,Neuron,2021.0,10.1016/j.neuron.2021.09.001,https://cellxgene.cziscience.com/collections/22ccff12-9a18-4b01-ba10-302df57a01f8,https://cellxgene.cziscience.com/e/a24ce10f-5a87-4e1f-a34a-f4fe5fc84052.cxg/,anterior cingulate cortex,normal,22ccff12-9a18-4b01-ba10-302df57a01f8,298c8e20-7531-4ec5-b25f-9886fa4cc690,a24ce10f-5a87-4e1f-a34a-f4fe5fc84052,0c5b3ed2-8499-48ca-8d42-f349453cf365,False,,PUBLIC,Homo sapiens,True,euclidean,True,True,True,https://datasets.cellxgene.cziscience.com/0c5b3ed2-8499-48ca-8d42-f349453cf365.h5ad,UBERON:0009835,,,PATO:0000461,,,,,,,,,,
unk,Single-nucleus transcriptome analysis reveals cell-type-specific molecular signatures across reward circuitry in the human brain,DLPFC region,,11202,,,Tran,Neuron,2021.0,10.1016/j.neuron.2021.09.001,https://cellxgene.cziscience.com/collections/22ccff12-9a18-4b01-ba10-302df57a01f8,https://cellxgene.cziscience.com/e/07dd8c34-4625-480a-8ee4-273a06c3082b.cxg/,dorsolateral prefrontal cortex,normal,22ccff12-9a18-4b01-ba10-302df57a01f8,298c8e20-7531-4ec5-b25f-9886fa4cc690,07dd8c34-4625-480a-8ee4-273a06c3082b,c7306030-4251-4912-a53f-f343f1695e9c,False,,PUBLIC,Homo sapiens,True,euclidean,True,True,True,https://datasets.cellxgene.cziscience.com/c7306030-4251-4912-a53f-f343f1695e9c.h5ad,UBERON:0009834,,,PATO:0000461,,,,,,,,,,
